{"tp": 47, "fp": 8, "tn": 124, "fn": 14, "accuracy": 0.8860103626943006, "recall": 0.7704918032786885, "precision": 0.8545454545454545, "F1": 0.810344827586207, "FPR": 0.06060606060606061}
{"tp": 48, "fp": 16, "tn": 116, "fn": 13, "accuracy": 0.8497409326424871, "recall": 0.7868852459016393, "precision": 0.75, "F1": 0.768, "FPR": 0.12121212121212122}
{"tp": 50, "fp": 14, "tn": 118, "fn": 11, "accuracy": 0.8704663212435233, "recall": 0.819672131147541, "precision": 0.78125, "F1": 0.8, "FPR": 0.10606060606060606}
{"tp": 52, "fp": 18, "tn": 114, "fn": 9, "accuracy": 0.8601036269430051, "recall": 0.8524590163934426, "precision": 0.7428571428571429, "F1": 0.7938931297709924, "FPR": 0.13636363636363635}
{"tp": 51, "fp": 13, "tn": 119, "fn": 10, "accuracy": 0.8808290155440415, "recall": 0.8360655737704918, "precision": 0.796875, "F1": 0.816, "FPR": 0.09848484848484848}
{"tp": 46, "fp": 13, "tn": 119, "fn": 15, "accuracy": 0.8549222797927462, "recall": 0.7540983606557377, "precision": 0.7796610169491526, "F1": 0.7666666666666666, "FPR": 0.09848484848484848}
{"tp": 49, "fp": 10, "tn": 122, "fn": 12, "accuracy": 0.8860103626943006, "recall": 0.8032786885245902, "precision": 0.8305084745762712, "F1": 0.8166666666666667, "FPR": 0.07575757575757576}
{"tp": 41, "fp": 13, "tn": 119, "fn": 20, "accuracy": 0.8290155440414507, "recall": 0.6721311475409836, "precision": 0.7592592592592593, "F1": 0.7130434782608696, "FPR": 0.09848484848484848}
{"tp": 48, "fp": 15, "tn": 117, "fn": 13, "accuracy": 0.8549222797927462, "recall": 0.7868852459016393, "precision": 0.7619047619047619, "F1": 0.7741935483870968, "FPR": 0.11363636363636363}
{"tp": 49, "fp": 15, "tn": 117, "fn": 12, "accuracy": 0.8601036269430051, "recall": 0.8032786885245902, "precision": 0.765625, "F1": 0.784, "FPR": 0.11363636363636363}
{"tp": 52, "fp": 18, "tn": 112, "fn": 11, "accuracy": 0.8497409326424871, "recall": 0.8253968253968254, "precision": 0.7428571428571429, "F1": 0.7819548872180451, "FPR": 0.13846153846153847}
