{"tp": 48, "fp": 19, "tn": 113, "fn": 13, "accuracy": 0.8341968911917098, "recall": 0.7868852459016393, "precision": 0.7164179104477612, "F1": 0.7500000000000001, "FPR": 0.14393939393939395}
{"tp": 49, "fp": 19, "tn": 113, "fn": 12, "accuracy": 0.8393782383419689, "recall": 0.8032786885245902, "precision": 0.7205882352941176, "F1": 0.7596899224806202, "FPR": 0.14393939393939395}
{"tp": 50, "fp": 24, "tn": 108, "fn": 11, "accuracy": 0.8186528497409327, "recall": 0.819672131147541, "precision": 0.6756756756756757, "F1": 0.7407407407407408, "FPR": 0.18181818181818182}
{"tp": 47, "fp": 10, "tn": 122, "fn": 14, "accuracy": 0.8756476683937824, "recall": 0.7704918032786885, "precision": 0.8245614035087719, "F1": 0.7966101694915254, "FPR": 0.07575757575757576}
{"tp": 51, "fp": 19, "tn": 113, "fn": 10, "accuracy": 0.8497409326424871, "recall": 0.8360655737704918, "precision": 0.7285714285714285, "F1": 0.7786259541984734, "FPR": 0.14393939393939395}
{"tp": 46, "fp": 15, "tn": 117, "fn": 15, "accuracy": 0.844559585492228, "recall": 0.7540983606557377, "precision": 0.7540983606557377, "F1": 0.7540983606557377, "FPR": 0.11363636363636363}
{"tp": 47, "fp": 13, "tn": 119, "fn": 14, "accuracy": 0.8601036269430051, "recall": 0.7704918032786885, "precision": 0.7833333333333333, "F1": 0.7768595041322314, "FPR": 0.09848484848484848}
{"tp": 46, "fp": 12, "tn": 120, "fn": 15, "accuracy": 0.8601036269430051, "recall": 0.7540983606557377, "precision": 0.7931034482758621, "F1": 0.7731092436974789, "FPR": 0.09090909090909091}
{"tp": 45, "fp": 17, "tn": 115, "fn": 16, "accuracy": 0.8290155440414507, "recall": 0.7377049180327869, "precision": 0.7258064516129032, "F1": 0.7317073170731708, "FPR": 0.12878787878787878}
{"tp": 46, "fp": 18, "tn": 114, "fn": 15, "accuracy": 0.8290155440414507, "recall": 0.7540983606557377, "precision": 0.71875, "F1": 0.7359999999999999, "FPR": 0.13636363636363635}
{"tp": 51, "fp": 15, "tn": 117, "fn": 10, "accuracy": 0.8704663212435233, "recall": 0.8360655737704918, "precision": 0.7727272727272727, "F1": 0.8031496062992125, "FPR": 0.11363636363636363}
{"tp": 47, "fp": 23, "tn": 107, "fn": 16, "accuracy": 0.7979274611398963, "recall": 0.746031746031746, "precision": 0.6714285714285714, "F1": 0.706766917293233, "FPR": 0.17692307692307693}
{"tp": 50, "fp": 29, "tn": 101, "fn": 13, "accuracy": 0.7823834196891192, "recall": 0.7936507936507936, "precision": 0.6329113924050633, "F1": 0.704225352112676, "FPR": 0.2230769230769231}
{"tp": 47, "fp": 24, "tn": 106, "fn": 16, "accuracy": 0.7927461139896373, "recall": 0.746031746031746, "precision": 0.6619718309859155, "F1": 0.7014925373134329, "FPR": 0.18461538461538463}
{"tp": 50, "fp": 18, "tn": 112, "fn": 13, "accuracy": 0.8393782383419689, "recall": 0.7936507936507936, "precision": 0.7352941176470589, "F1": 0.7633587786259542, "FPR": 0.13846153846153847}
