{"tp": 46, "fp": 10, "tn": 122, "fn": 15, "accuracy": 0.8704663212435233, "recall": 0.7540983606557377, "precision": 0.8214285714285714, "F1": 0.7863247863247863, "FPR": 0.07575757575757576}
{"tp": 51, "fp": 15, "tn": 117, "fn": 10, "accuracy": 0.8704663212435233, "recall": 0.8360655737704918, "precision": 0.7727272727272727, "F1": 0.8031496062992125, "FPR": 0.11363636363636363}
{"tp": 48, "fp": 23, "tn": 109, "fn": 13, "accuracy": 0.8134715025906736, "recall": 0.7868852459016393, "precision": 0.676056338028169, "F1": 0.7272727272727273, "FPR": 0.17424242424242425}
{"tp": 44, "fp": 11, "tn": 121, "fn": 17, "accuracy": 0.8549222797927462, "recall": 0.7213114754098361, "precision": 0.8, "F1": 0.7586206896551724, "FPR": 0.08333333333333333}
{"tp": 49, "fp": 19, "tn": 113, "fn": 12, "accuracy": 0.8393782383419689, "recall": 0.8032786885245902, "precision": 0.7205882352941176, "F1": 0.7596899224806202, "FPR": 0.14393939393939395}
{"tp": 49, "fp": 20, "tn": 112, "fn": 12, "accuracy": 0.8341968911917098, "recall": 0.8032786885245902, "precision": 0.7101449275362319, "F1": 0.7538461538461538, "FPR": 0.15151515151515152}
{"tp": 49, "fp": 17, "tn": 115, "fn": 12, "accuracy": 0.8497409326424871, "recall": 0.8032786885245902, "precision": 0.7424242424242424, "F1": 0.7716535433070867, "FPR": 0.12878787878787878}
{"tp": 46, "fp": 17, "tn": 115, "fn": 15, "accuracy": 0.8341968911917098, "recall": 0.7540983606557377, "precision": 0.7301587301587301, "F1": 0.7419354838709677, "FPR": 0.12878787878787878}
{"tp": 48, "fp": 13, "tn": 119, "fn": 13, "accuracy": 0.8652849740932642, "recall": 0.7868852459016393, "precision": 0.7868852459016393, "F1": 0.7868852459016392, "FPR": 0.09848484848484848}
{"tp": 49, "fp": 9, "tn": 123, "fn": 12, "accuracy": 0.8911917098445595, "recall": 0.8032786885245902, "precision": 0.8448275862068966, "F1": 0.823529411764706, "FPR": 0.06818181818181818}
{"tp": 44, "fp": 12, "tn": 120, "fn": 17, "accuracy": 0.8497409326424871, "recall": 0.7213114754098361, "precision": 0.7857142857142857, "F1": 0.7521367521367521, "FPR": 0.09090909090909091}
{"tp": 48, "fp": 24, "tn": 106, "fn": 15, "accuracy": 0.7979274611398963, "recall": 0.7619047619047619, "precision": 0.6666666666666666, "F1": 0.7111111111111111, "FPR": 0.18461538461538463}
{"tp": 43, "fp": 11, "tn": 119, "fn": 20, "accuracy": 0.8393782383419689, "recall": 0.6825396825396826, "precision": 0.7962962962962963, "F1": 0.735042735042735, "FPR": 0.08461538461538462}
{"tp": 49, "fp": 15, "tn": 115, "fn": 14, "accuracy": 0.8497409326424871, "recall": 0.7777777777777778, "precision": 0.765625, "F1": 0.7716535433070867, "FPR": 0.11538461538461539}
{"tp": 48, "fp": 7, "tn": 123, "fn": 15, "accuracy": 0.8860103626943006, "recall": 0.7619047619047619, "precision": 0.8727272727272727, "F1": 0.8135593220338982, "FPR": 0.05384615384615385}
