{"tp": 43, "fp": 16, "tn": 116, "fn": 18, "accuracy": 0.8238341968911918, "recall": 0.7049180327868853, "precision": 0.7288135593220338, "F1": 0.7166666666666666, "FPR": 0.12121212121212122}
{"tp": 44, "fp": 24, "tn": 108, "fn": 17, "accuracy": 0.7875647668393783, "recall": 0.7213114754098361, "precision": 0.6470588235294118, "F1": 0.682170542635659, "FPR": 0.18181818181818182}
{"tp": 38, "fp": 14, "tn": 118, "fn": 23, "accuracy": 0.8082901554404145, "recall": 0.6229508196721312, "precision": 0.7307692307692307, "F1": 0.672566371681416, "FPR": 0.10606060606060606}
{"tp": 44, "fp": 30, "tn": 102, "fn": 17, "accuracy": 0.7564766839378239, "recall": 0.7213114754098361, "precision": 0.5945945945945946, "F1": 0.6518518518518518, "FPR": 0.22727272727272727}
{"tp": 41, "fp": 21, "tn": 111, "fn": 20, "accuracy": 0.7875647668393783, "recall": 0.6721311475409836, "precision": 0.6612903225806451, "F1": 0.6666666666666666, "FPR": 0.1590909090909091}
{"tp": 47, "fp": 44, "tn": 88, "fn": 14, "accuracy": 0.6994818652849741, "recall": 0.7704918032786885, "precision": 0.5164835164835165, "F1": 0.618421052631579, "FPR": 0.3333333333333333}
{"tp": 47, "fp": 32, "tn": 100, "fn": 14, "accuracy": 0.7616580310880829, "recall": 0.7704918032786885, "precision": 0.5949367088607594, "F1": 0.6714285714285714, "FPR": 0.24242424242424243}
{"tp": 51, "fp": 31, "tn": 101, "fn": 10, "accuracy": 0.7875647668393783, "recall": 0.8360655737704918, "precision": 0.6219512195121951, "F1": 0.7132867132867133, "FPR": 0.23484848484848486}
{"tp": 44, "fp": 30, "tn": 102, "fn": 17, "accuracy": 0.7564766839378239, "recall": 0.7213114754098361, "precision": 0.5945945945945946, "F1": 0.6518518518518518, "FPR": 0.22727272727272727}
{"tp": 46, "fp": 24, "tn": 108, "fn": 15, "accuracy": 0.7979274611398963, "recall": 0.7540983606557377, "precision": 0.6571428571428571, "F1": 0.7022900763358779, "FPR": 0.18181818181818182}
{"tp": 45, "fp": 17, "tn": 115, "fn": 16, "accuracy": 0.8290155440414507, "recall": 0.7377049180327869, "precision": 0.7258064516129032, "F1": 0.7317073170731708, "FPR": 0.12878787878787878}
{"tp": 39, "fp": 23, "tn": 109, "fn": 22, "accuracy": 0.7668393782383419, "recall": 0.639344262295082, "precision": 0.6290322580645161, "F1": 0.6341463414634146, "FPR": 0.17424242424242425}
{"tp": 44, "fp": 26, "tn": 104, "fn": 19, "accuracy": 0.7668393782383419, "recall": 0.6984126984126984, "precision": 0.6285714285714286, "F1": 0.6616541353383458, "FPR": 0.2}
{"tp": 40, "fp": 17, "tn": 113, "fn": 23, "accuracy": 0.7927461139896373, "recall": 0.6349206349206349, "precision": 0.7017543859649122, "F1": 0.6666666666666666, "FPR": 0.13076923076923078}
{"tp": 43, "fp": 21, "tn": 109, "fn": 20, "accuracy": 0.7875647668393783, "recall": 0.6825396825396826, "precision": 0.671875, "F1": 0.6771653543307087, "FPR": 0.16153846153846155}
{"tp": 42, "fp": 17, "tn": 113, "fn": 21, "accuracy": 0.8031088082901554, "recall": 0.6666666666666666, "precision": 0.711864406779661, "F1": 0.6885245901639344, "FPR": 0.13076923076923078}
