{"tp": 47, "fp": 21, "tn": 111, "fn": 14, "accuracy": 0.8186528497409327, "recall": 0.7704918032786885, "precision": 0.6911764705882353, "F1": 0.7286821705426356, "FPR": 0.1590909090909091}
{"tp": 48, "fp": 26, "tn": 106, "fn": 13, "accuracy": 0.7979274611398963, "recall": 0.7868852459016393, "precision": 0.6486486486486487, "F1": 0.711111111111111, "FPR": 0.19696969696969696}
{"tp": 50, "fp": 19, "tn": 113, "fn": 11, "accuracy": 0.844559585492228, "recall": 0.819672131147541, "precision": 0.7246376811594203, "F1": 0.7692307692307692, "FPR": 0.14393939393939395}
{"tp": 50, "fp": 23, "tn": 109, "fn": 11, "accuracy": 0.8238341968911918, "recall": 0.819672131147541, "precision": 0.684931506849315, "F1": 0.7462686567164178, "FPR": 0.17424242424242425}
{"tp": 52, "fp": 15, "tn": 117, "fn": 9, "accuracy": 0.8756476683937824, "recall": 0.8524590163934426, "precision": 0.7761194029850746, "F1": 0.8124999999999999, "FPR": 0.11363636363636363}
{"tp": 53, "fp": 22, "tn": 110, "fn": 8, "accuracy": 0.844559585492228, "recall": 0.8688524590163934, "precision": 0.7066666666666667, "F1": 0.7794117647058822, "FPR": 0.16666666666666666}
{"tp": 47, "fp": 17, "tn": 115, "fn": 14, "accuracy": 0.8393782383419689, "recall": 0.7704918032786885, "precision": 0.734375, "F1": 0.7519999999999999, "FPR": 0.12878787878787878}
{"tp": 45, "fp": 13, "tn": 119, "fn": 16, "accuracy": 0.8497409326424871, "recall": 0.7377049180327869, "precision": 0.7758620689655172, "F1": 0.7563025210084033, "FPR": 0.09848484848484848}
{"tp": 46, "fp": 11, "tn": 121, "fn": 15, "accuracy": 0.8652849740932642, "recall": 0.7540983606557377, "precision": 0.8070175438596491, "F1": 0.7796610169491526, "FPR": 0.08333333333333333}
{"tp": 46, "fp": 16, "tn": 116, "fn": 15, "accuracy": 0.8393782383419689, "recall": 0.7540983606557377, "precision": 0.7419354838709677, "F1": 0.7479674796747967, "FPR": 0.12121212121212122}
{"tp": 44, "fp": 22, "tn": 110, "fn": 17, "accuracy": 0.7979274611398963, "recall": 0.7213114754098361, "precision": 0.6666666666666666, "F1": 0.6929133858267716, "FPR": 0.16666666666666666}
{"tp": 54, "fp": 18, "tn": 114, "fn": 7, "accuracy": 0.8704663212435233, "recall": 0.8852459016393442, "precision": 0.75, "F1": 0.8120300751879699, "FPR": 0.13636363636363635}
{"tp": 47, "fp": 25, "tn": 105, "fn": 16, "accuracy": 0.7875647668393783, "recall": 0.746031746031746, "precision": 0.6527777777777778, "F1": 0.6962962962962964, "FPR": 0.19230769230769232}
{"tp": 47, "fp": 22, "tn": 108, "fn": 16, "accuracy": 0.8031088082901554, "recall": 0.746031746031746, "precision": 0.6811594202898551, "F1": 0.7121212121212122, "FPR": 0.16923076923076924}
{"tp": 47, "fp": 25, "tn": 105, "fn": 16, "accuracy": 0.7875647668393783, "recall": 0.746031746031746, "precision": 0.6527777777777778, "F1": 0.6962962962962964, "FPR": 0.19230769230769232}
{"tp": 54, "fp": 20, "tn": 110, "fn": 9, "accuracy": 0.8497409326424871, "recall": 0.8571428571428571, "precision": 0.7297297297297297, "F1": 0.7883211678832117, "FPR": 0.15384615384615385}
