{"tp": 59, "fp": 12, "tn": 120, "fn": 2, "accuracy": 0.927461139896373, "recall": 0.9672131147540983, "precision": 0.8309859154929577, "F1": 0.8939393939393939, "FPR": 0.09090909090909091}
{"tp": 59, "fp": 12, "tn": 120, "fn": 2, "accuracy": 0.927461139896373, "recall": 0.9672131147540983, "precision": 0.8309859154929577, "F1": 0.8939393939393939, "FPR": 0.09090909090909091}
{"tp": 59, "fp": 12, "tn": 120, "fn": 2, "accuracy": 0.927461139896373, "recall": 0.9672131147540983, "precision": 0.8309859154929577, "F1": 0.8939393939393939, "FPR": 0.09090909090909091}
{"tp": 59, "fp": 12, "tn": 120, "fn": 2, "accuracy": 0.927461139896373, "recall": 0.9672131147540983, "precision": 0.8309859154929577, "F1": 0.8939393939393939, "FPR": 0.09090909090909091}
{"tp": 59, "fp": 12, "tn": 120, "fn": 2, "accuracy": 0.927461139896373, "recall": 0.9672131147540983, "precision": 0.8309859154929577, "F1": 0.8939393939393939, "FPR": 0.09090909090909091}
{"tp": 59, "fp": 12, "tn": 120, "fn": 2, "accuracy": 0.927461139896373, "recall": 0.9672131147540983, "precision": 0.8309859154929577, "F1": 0.8939393939393939, "FPR": 0.09090909090909091}
{"tp": 59, "fp": 12, "tn": 120, "fn": 2, "accuracy": 0.927461139896373, "recall": 0.9672131147540983, "precision": 0.8309859154929577, "F1": 0.8939393939393939, "FPR": 0.09090909090909091}
{"tp": 59, "fp": 12, "tn": 120, "fn": 2, "accuracy": 0.927461139896373, "recall": 0.9672131147540983, "precision": 0.8309859154929577, "F1": 0.8939393939393939, "FPR": 0.09090909090909091}
{"tp": 59, "fp": 12, "tn": 120, "fn": 2, "accuracy": 0.927461139896373, "recall": 0.9672131147540983, "precision": 0.8309859154929577, "F1": 0.8939393939393939, "FPR": 0.09090909090909091}
{"tp": 59, "fp": 12, "tn": 120, "fn": 2, "accuracy": 0.927461139896373, "recall": 0.9672131147540983, "precision": 0.8309859154929577, "F1": 0.8939393939393939, "FPR": 0.09090909090909091}
{"tp": 59, "fp": 12, "tn": 120, "fn": 2, "accuracy": 0.927461139896373, "recall": 0.9672131147540983, "precision": 0.8309859154929577, "F1": 0.8939393939393939, "FPR": 0.09090909090909091}
{"tp": 59, "fp": 12, "tn": 120, "fn": 2, "accuracy": 0.927461139896373, "recall": 0.9672131147540983, "precision": 0.8309859154929577, "F1": 0.8939393939393939, "FPR": 0.09090909090909091}
