{"tp": 69, "fp": 28, "tn": 148, "fn": 13, "accuracy": 0.8410852713178295, "recall": 0.8414634146341463, "precision": 0.711340206185567, "F1": 0.770949720670391, "FPR": 0.1590909090909091}
{"tp": 71, "fp": 29, "tn": 147, "fn": 11, "accuracy": 0.8449612403100775, "recall": 0.8658536585365854, "precision": 0.71, "F1": 0.7802197802197803, "FPR": 0.16477272727272727}
{"tp": 64, "fp": 27, "tn": 149, "fn": 18, "accuracy": 0.8255813953488372, "recall": 0.7804878048780488, "precision": 0.7032967032967034, "F1": 0.739884393063584, "FPR": 0.1534090909090909}
{"tp": 69, "fp": 29, "tn": 147, "fn": 13, "accuracy": 0.8372093023255814, "recall": 0.8414634146341463, "precision": 0.7040816326530612, "F1": 0.7666666666666666, "FPR": 0.16477272727272727}
{"tp": 63, "fp": 24, "tn": 152, "fn": 19, "accuracy": 0.8333333333333334, "recall": 0.7682926829268293, "precision": 0.7241379310344828, "F1": 0.7455621301775147, "FPR": 0.13636363636363635}
{"tp": 69, "fp": 28, "tn": 148, "fn": 13, "accuracy": 0.8410852713178295, "recall": 0.8414634146341463, "precision": 0.711340206185567, "F1": 0.770949720670391, "FPR": 0.1590909090909091}
