{"tp": 63, "fp": 15, "tn": 161, "fn": 19, "accuracy": 0.8682170542635659, "recall": 0.7682926829268293, "precision": 0.8076923076923077, "F1": 0.7875, "FPR": 0.08522727272727272}
{"tp": 67, "fp": 27, "tn": 149, "fn": 15, "accuracy": 0.8372093023255814, "recall": 0.8170731707317073, "precision": 0.7127659574468085, "F1": 0.7613636363636364, "FPR": 0.1534090909090909}
{"tp": 47, "fp": 11, "tn": 165, "fn": 35, "accuracy": 0.8217054263565892, "recall": 0.573170731707317, "precision": 0.8103448275862069, "F1": 0.6714285714285714, "FPR": 0.0625}
{"tp": 56, "fp": 14, "tn": 162, "fn": 26, "accuracy": 0.8449612403100775, "recall": 0.6829268292682927, "precision": 0.8, "F1": 0.736842105263158, "FPR": 0.07954545454545454}
{"tp": 55, "fp": 17, "tn": 159, "fn": 27, "accuracy": 0.8294573643410853, "recall": 0.6707317073170732, "precision": 0.7638888888888888, "F1": 0.7142857142857142, "FPR": 0.09659090909090909}
{"tp": 52, "fp": 5, "tn": 171, "fn": 30, "accuracy": 0.8643410852713178, "recall": 0.6341463414634146, "precision": 0.9122807017543859, "F1": 0.748201438848921, "FPR": 0.028409090909090908}
