{"tp": 70, "fp": 38, "tn": 138, "fn": 12, "accuracy": 0.8062015503875969, "recall": 0.8536585365853658, "precision": 0.6481481481481481, "F1": 0.7368421052631579, "FPR": 0.2159090909090909}
{"tp": 71, "fp": 37, "tn": 139, "fn": 11, "accuracy": 0.813953488372093, "recall": 0.8658536585365854, "precision": 0.6574074074074074, "F1": 0.7473684210526317, "FPR": 0.21022727272727273}
{"tp": 65, "fp": 29, "tn": 147, "fn": 17, "accuracy": 0.8217054263565892, "recall": 0.7926829268292683, "precision": 0.6914893617021277, "F1": 0.7386363636363636, "FPR": 0.16477272727272727}
{"tp": 67, "fp": 27, "tn": 149, "fn": 15, "accuracy": 0.8372093023255814, "recall": 0.8170731707317073, "precision": 0.7127659574468085, "F1": 0.7613636363636364, "FPR": 0.1534090909090909}
{"tp": 65, "fp": 31, "tn": 145, "fn": 17, "accuracy": 0.813953488372093, "recall": 0.7926829268292683, "precision": 0.6770833333333334, "F1": 0.7303370786516854, "FPR": 0.17613636363636365}
{"tp": 69, "fp": 37, "tn": 139, "fn": 13, "accuracy": 0.8062015503875969, "recall": 0.8414634146341463, "precision": 0.6509433962264151, "F1": 0.7340425531914894, "FPR": 0.21022727272727273}
