{"tp": 69, "fp": 29, "tn": 147, "fn": 13, "accuracy": 0.8372093023255814, "recall": 0.8414634146341463, "precision": 0.7040816326530612, "F1": 0.7666666666666666, "FPR": 0.16477272727272727}
{"tp": 72, "fp": 28, "tn": 148, "fn": 10, "accuracy": 0.8527131782945736, "recall": 0.8780487804878049, "precision": 0.72, "F1": 0.7912087912087912, "FPR": 0.1590909090909091}
{"tp": 65, "fp": 27, "tn": 149, "fn": 17, "accuracy": 0.8294573643410853, "recall": 0.7926829268292683, "precision": 0.7065217391304348, "F1": 0.7471264367816093, "FPR": 0.1534090909090909}
{"tp": 65, "fp": 22, "tn": 154, "fn": 17, "accuracy": 0.8488372093023255, "recall": 0.7926829268292683, "precision": 0.7471264367816092, "F1": 0.7692307692307693, "FPR": 0.125}
{"tp": 69, "fp": 31, "tn": 145, "fn": 13, "accuracy": 0.8294573643410853, "recall": 0.8414634146341463, "precision": 0.69, "F1": 0.7582417582417583, "FPR": 0.17613636363636365}
{"tp": 67, "fp": 29, "tn": 147, "fn": 15, "accuracy": 0.8294573643410853, "recall": 0.8170731707317073, "precision": 0.6979166666666666, "F1": 0.7528089887640449, "FPR": 0.16477272727272727}
