{"tp": 52, "fp": 39, "tn": 137, "fn": 30, "accuracy": 0.7325581395348837, "recall": 0.6341463414634146, "precision": 0.5714285714285714, "F1": 0.6011560693641619, "FPR": 0.2215909090909091}
{"tp": 56, "fp": 41, "tn": 135, "fn": 26, "accuracy": 0.7403100775193798, "recall": 0.6829268292682927, "precision": 0.5773195876288659, "F1": 0.6256983240223464, "FPR": 0.23295454545454544}
{"tp": 60, "fp": 46, "tn": 130, "fn": 22, "accuracy": 0.7364341085271318, "recall": 0.7317073170731707, "precision": 0.5660377358490566, "F1": 0.6382978723404255, "FPR": 0.26136363636363635}
{"tp": 45, "fp": 34, "tn": 142, "fn": 37, "accuracy": 0.7248062015503876, "recall": 0.5487804878048781, "precision": 0.569620253164557, "F1": 0.5590062111801243, "FPR": 0.19318181818181818}
{"tp": 50, "fp": 30, "tn": 146, "fn": 32, "accuracy": 0.7596899224806202, "recall": 0.6097560975609756, "precision": 0.625, "F1": 0.6172839506172839, "FPR": 0.17045454545454544}
{"tp": 50, "fp": 39, "tn": 137, "fn": 32, "accuracy": 0.7248062015503876, "recall": 0.6097560975609756, "precision": 0.5617977528089888, "F1": 0.5847953216374269, "FPR": 0.2215909090909091}
