{"tp": 66, "fp": 32, "tn": 144, "fn": 16, "accuracy": 0.813953488372093, "recall": 0.8048780487804879, "precision": 0.673469387755102, "F1": 0.7333333333333334, "FPR": 0.18181818181818182}
{"tp": 72, "fp": 38, "tn": 138, "fn": 10, "accuracy": 0.813953488372093, "recall": 0.8780487804878049, "precision": 0.6545454545454545, "F1": 0.7499999999999999, "FPR": 0.2159090909090909}
{"tp": 62, "fp": 28, "tn": 148, "fn": 20, "accuracy": 0.813953488372093, "recall": 0.7560975609756098, "precision": 0.6888888888888889, "F1": 0.7209302325581395, "FPR": 0.1590909090909091}
{"tp": 68, "fp": 28, "tn": 148, "fn": 14, "accuracy": 0.8372093023255814, "recall": 0.8292682926829268, "precision": 0.7083333333333334, "F1": 0.7640449438202247, "FPR": 0.1590909090909091}
{"tp": 68, "fp": 37, "tn": 139, "fn": 14, "accuracy": 0.8023255813953488, "recall": 0.8292682926829268, "precision": 0.6476190476190476, "F1": 0.7272727272727273, "FPR": 0.21022727272727273}
{"tp": 67, "fp": 38, "tn": 138, "fn": 15, "accuracy": 0.7945736434108527, "recall": 0.8170731707317073, "precision": 0.638095238095238, "F1": 0.7165775401069518, "FPR": 0.2159090909090909}
