{"tp": 79, "fp": 17, "tn": 159, "fn": 3, "accuracy": 0.9224806201550387, "recall": 0.9634146341463414, "precision": 0.8229166666666666, "F1": 0.8876404494382022, "FPR": 0.09659090909090909}
{"tp": 79, "fp": 17, "tn": 159, "fn": 3, "accuracy": 0.9224806201550387, "recall": 0.9634146341463414, "precision": 0.8229166666666666, "F1": 0.8876404494382022, "FPR": 0.09659090909090909}
{"tp": 79, "fp": 17, "tn": 159, "fn": 3, "accuracy": 0.9224806201550387, "recall": 0.9634146341463414, "precision": 0.8229166666666666, "F1": 0.8876404494382022, "FPR": 0.09659090909090909}
{"tp": 79, "fp": 17, "tn": 159, "fn": 3, "accuracy": 0.9224806201550387, "recall": 0.9634146341463414, "precision": 0.8229166666666666, "F1": 0.8876404494382022, "FPR": 0.09659090909090909}
{"tp": 79, "fp": 17, "tn": 159, "fn": 3, "accuracy": 0.9224806201550387, "recall": 0.9634146341463414, "precision": 0.8229166666666666, "F1": 0.8876404494382022, "FPR": 0.09659090909090909}
{"tp": 79, "fp": 17, "tn": 159, "fn": 3, "accuracy": 0.9224806201550387, "recall": 0.9634146341463414, "precision": 0.8229166666666666, "F1": 0.8876404494382022, "FPR": 0.09659090909090909}
