{"tp": 39, "fp": 10, "tn": 100, "fn": 12, "accuracy": 0.8633540372670807, "recall": 0.7647058823529411, "precision": 0.7959183673469388, "F1": 0.7799999999999999, "FPR": 0.09090909090909091}
{"tp": 43, "fp": 10, "tn": 100, "fn": 8, "accuracy": 0.8881987577639752, "recall": 0.8431372549019608, "precision": 0.8113207547169812, "F1": 0.826923076923077, "FPR": 0.09090909090909091}
{"tp": 39, "fp": 14, "tn": 96, "fn": 12, "accuracy": 0.8385093167701864, "recall": 0.7647058823529411, "precision": 0.7358490566037735, "F1": 0.7499999999999999, "FPR": 0.12727272727272726}
{"tp": 38, "fp": 8, "tn": 102, "fn": 13, "accuracy": 0.8695652173913043, "recall": 0.7450980392156863, "precision": 0.8260869565217391, "F1": 0.7835051546391751, "FPR": 0.07272727272727272}
{"tp": 41, "fp": 17, "tn": 93, "fn": 10, "accuracy": 0.8322981366459627, "recall": 0.803921568627451, "precision": 0.7068965517241379, "F1": 0.7522935779816514, "FPR": 0.15454545454545454}
{"tp": 42, "fp": 6, "tn": 104, "fn": 9, "accuracy": 0.906832298136646, "recall": 0.8235294117647058, "precision": 0.875, "F1": 0.8484848484848485, "FPR": 0.05454545454545454}
{"tp": 39, "fp": 14, "tn": 96, "fn": 12, "accuracy": 0.8385093167701864, "recall": 0.7647058823529411, "precision": 0.7358490566037735, "F1": 0.7499999999999999, "FPR": 0.12727272727272726}
{"tp": 41, "fp": 17, "tn": 93, "fn": 10, "accuracy": 0.8322981366459627, "recall": 0.803921568627451, "precision": 0.7068965517241379, "F1": 0.7522935779816514, "FPR": 0.15454545454545454}
{"tp": 44, "fp": 12, "tn": 98, "fn": 7, "accuracy": 0.8819875776397516, "recall": 0.8627450980392157, "precision": 0.7857142857142857, "F1": 0.8224299065420562, "FPR": 0.10909090909090909}
{"tp": 39, "fp": 4, "tn": 106, "fn": 12, "accuracy": 0.9006211180124224, "recall": 0.7647058823529411, "precision": 0.9069767441860465, "F1": 0.8297872340425532, "FPR": 0.03636363636363636}
{"tp": 90, "fp": 24, "tn": 196, "fn": 12, "accuracy": 0.8881987577639752, "recall": 0.8823529411764706, "precision": 0.7894736842105263, "F1": 0.8333333333333333, "FPR": 0.10909090909090909}
{"tp": 42, "fp": 13, "tn": 95, "fn": 11, "accuracy": 0.8509316770186336, "recall": 0.7924528301886793, "precision": 0.7636363636363637, "F1": 0.7777777777777778, "FPR": 0.12037037037037036}
{"tp": 42, "fp": 8, "tn": 100, "fn": 11, "accuracy": 0.8819875776397516, "recall": 0.7924528301886793, "precision": 0.84, "F1": 0.8155339805825242, "FPR": 0.07407407407407407}
{"tp": 46, "fp": 9, "tn": 99, "fn": 7, "accuracy": 0.9006211180124224, "recall": 0.8679245283018868, "precision": 0.8363636363636363, "F1": 0.8518518518518519, "FPR": 0.08333333333333333}
{"tp": 46, "fp": 9, "tn": 99, "fn": 7, "accuracy": 0.9006211180124224, "recall": 0.8679245283018868, "precision": 0.8363636363636363, "F1": 0.8518518518518519, "FPR": 0.08333333333333333}
{"tp": 45, "fp": 16, "tn": 92, "fn": 8, "accuracy": 0.8509316770186336, "recall": 0.8490566037735849, "precision": 0.7377049180327869, "F1": 0.7894736842105263, "FPR": 0.14814814814814814}
{"tp": 44, "fp": 11, "tn": 97, "fn": 9, "accuracy": 0.8757763975155279, "recall": 0.8301886792452831, "precision": 0.8, "F1": 0.8148148148148149, "FPR": 0.10185185185185185}
{"tp": 44, "fp": 9, "tn": 99, "fn": 9, "accuracy": 0.8881987577639752, "recall": 0.8301886792452831, "precision": 0.8301886792452831, "F1": 0.8301886792452831, "FPR": 0.08333333333333333}
