{"tp": 38, "fp": 15, "tn": 95, "fn": 13, "accuracy": 0.8260869565217391, "recall": 0.7450980392156863, "precision": 0.7169811320754716, "F1": 0.7307692307692308, "FPR": 0.13636363636363635}
{"tp": 41, "fp": 18, "tn": 92, "fn": 10, "accuracy": 0.8260869565217391, "recall": 0.803921568627451, "precision": 0.6949152542372882, "F1": 0.7454545454545455, "FPR": 0.16363636363636364}
{"tp": 41, "fp": 20, "tn": 90, "fn": 10, "accuracy": 0.8136645962732919, "recall": 0.803921568627451, "precision": 0.6721311475409836, "F1": 0.7321428571428572, "FPR": 0.18181818181818182}
{"tp": 42, "fp": 12, "tn": 98, "fn": 9, "accuracy": 0.8695652173913043, "recall": 0.8235294117647058, "precision": 0.7777777777777778, "F1": 0.7999999999999999, "FPR": 0.10909090909090909}
{"tp": 38, "fp": 9, "tn": 101, "fn": 13, "accuracy": 0.8633540372670807, "recall": 0.7450980392156863, "precision": 0.8085106382978723, "F1": 0.7755102040816325, "FPR": 0.08181818181818182}
{"tp": 76, "fp": 20, "tn": 200, "fn": 26, "accuracy": 0.8571428571428571, "recall": 0.7450980392156863, "precision": 0.7916666666666666, "F1": 0.7676767676767677, "FPR": 0.09090909090909091}
{"tp": 44, "fp": 14, "tn": 94, "fn": 9, "accuracy": 0.8571428571428571, "recall": 0.8301886792452831, "precision": 0.7586206896551724, "F1": 0.7927927927927928, "FPR": 0.12962962962962962}
{"tp": 37, "fp": 19, "tn": 89, "fn": 16, "accuracy": 0.782608695652174, "recall": 0.6981132075471698, "precision": 0.6607142857142857, "F1": 0.6788990825688073, "FPR": 0.17592592592592593}
{"tp": 46, "fp": 10, "tn": 98, "fn": 7, "accuracy": 0.8944099378881988, "recall": 0.8679245283018868, "precision": 0.8214285714285714, "F1": 0.8440366972477065, "FPR": 0.09259259259259259}
{"tp": 45, "fp": 12, "tn": 96, "fn": 8, "accuracy": 0.8757763975155279, "recall": 0.8490566037735849, "precision": 0.7894736842105263, "F1": 0.8181818181818182, "FPR": 0.1111111111111111}
{"tp": 44, "fp": 13, "tn": 95, "fn": 9, "accuracy": 0.8633540372670807, "recall": 0.8301886792452831, "precision": 0.7719298245614035, "F1": 0.8, "FPR": 0.12037037037037036}
