{"tp": 41, "fp": 19, "tn": 91, "fn": 10, "accuracy": 0.8198757763975155, "recall": 0.803921568627451, "precision": 0.6833333333333333, "F1": 0.7387387387387387, "FPR": 0.17272727272727273}
{"tp": 42, "fp": 15, "tn": 95, "fn": 9, "accuracy": 0.8509316770186336, "recall": 0.8235294117647058, "precision": 0.7368421052631579, "F1": 0.7777777777777778, "FPR": 0.13636363636363635}
{"tp": 39, "fp": 7, "tn": 103, "fn": 12, "accuracy": 0.8819875776397516, "recall": 0.7647058823529411, "precision": 0.8478260869565217, "F1": 0.8041237113402062, "FPR": 0.06363636363636363}
{"tp": 84, "fp": 26, "tn": 194, "fn": 18, "accuracy": 0.8633540372670807, "recall": 0.8235294117647058, "precision": 0.7636363636363637, "F1": 0.7924528301886793, "FPR": 0.11818181818181818}
{"tp": 43, "fp": 11, "tn": 97, "fn": 10, "accuracy": 0.8695652173913043, "recall": 0.8113207547169812, "precision": 0.7962962962962963, "F1": 0.8037383177570094, "FPR": 0.10185185185185185}
{"tp": 44, "fp": 22, "tn": 86, "fn": 9, "accuracy": 0.8074534161490683, "recall": 0.8301886792452831, "precision": 0.6666666666666666, "F1": 0.7394957983193277, "FPR": 0.2037037037037037}
{"tp": 46, "fp": 10, "tn": 98, "fn": 7, "accuracy": 0.8944099378881988, "recall": 0.8679245283018868, "precision": 0.8214285714285714, "F1": 0.8440366972477065, "FPR": 0.09259259259259259}
{"tp": 47, "fp": 19, "tn": 89, "fn": 6, "accuracy": 0.84472049689441, "recall": 0.8867924528301887, "precision": 0.7121212121212122, "F1": 0.7899159663865547, "FPR": 0.17592592592592593}
{"tp": 47, "fp": 14, "tn": 94, "fn": 6, "accuracy": 0.8757763975155279, "recall": 0.8867924528301887, "precision": 0.7704918032786885, "F1": 0.8245614035087719, "FPR": 0.12962962962962962}
{"tp": 47, "fp": 12, "tn": 96, "fn": 6, "accuracy": 0.8881987577639752, "recall": 0.8867924528301887, "precision": 0.7966101694915254, "F1": 0.8392857142857143, "FPR": 0.1111111111111111}
