{"tp": 40, "fp": 11, "tn": 99, "fn": 11, "accuracy": 0.8633540372670807, "recall": 0.7843137254901961, "precision": 0.7843137254901961, "F1": 0.7843137254901961, "FPR": 0.1}
{"tp": 38, "fp": 15, "tn": 95, "fn": 13, "accuracy": 0.8260869565217391, "recall": 0.7450980392156863, "precision": 0.7169811320754716, "F1": 0.7307692307692308, "FPR": 0.13636363636363635}
{"tp": 40, "fp": 14, "tn": 96, "fn": 11, "accuracy": 0.84472049689441, "recall": 0.7843137254901961, "precision": 0.7407407407407407, "F1": 0.7619047619047618, "FPR": 0.12727272727272726}
{"tp": 40, "fp": 6, "tn": 104, "fn": 11, "accuracy": 0.8944099378881988, "recall": 0.7843137254901961, "precision": 0.8695652173913043, "F1": 0.8247422680412372, "FPR": 0.05454545454545454}
{"tp": 43, "fp": 12, "tn": 98, "fn": 8, "accuracy": 0.8757763975155279, "recall": 0.8431372549019608, "precision": 0.7818181818181819, "F1": 0.8113207547169811, "FPR": 0.10909090909090909}
{"tp": 86, "fp": 22, "tn": 198, "fn": 16, "accuracy": 0.8819875776397516, "recall": 0.8431372549019608, "precision": 0.7962962962962963, "F1": 0.8190476190476189, "FPR": 0.1}
{"tp": 41, "fp": 13, "tn": 95, "fn": 12, "accuracy": 0.84472049689441, "recall": 0.7735849056603774, "precision": 0.7592592592592593, "F1": 0.7663551401869159, "FPR": 0.12037037037037036}
{"tp": 35, "fp": 8, "tn": 100, "fn": 18, "accuracy": 0.8385093167701864, "recall": 0.660377358490566, "precision": 0.813953488372093, "F1": 0.7291666666666667, "FPR": 0.07407407407407407}
{"tp": 41, "fp": 19, "tn": 89, "fn": 12, "accuracy": 0.8074534161490683, "recall": 0.7735849056603774, "precision": 0.6833333333333333, "F1": 0.7256637168141593, "FPR": 0.17592592592592593}
{"tp": 40, "fp": 16, "tn": 92, "fn": 13, "accuracy": 0.8198757763975155, "recall": 0.7547169811320755, "precision": 0.7142857142857143, "F1": 0.7339449541284405, "FPR": 0.14814814814814814}
