{"tp": 37, "fp": 19, "tn": 91, "fn": 14, "accuracy": 0.7950310559006211, "recall": 0.7254901960784313, "precision": 0.6607142857142857, "F1": 0.6915887850467289, "FPR": 0.17272727272727273}
{"tp": 36, "fp": 19, "tn": 91, "fn": 15, "accuracy": 0.7888198757763976, "recall": 0.7058823529411765, "precision": 0.6545454545454545, "F1": 0.679245283018868, "FPR": 0.17272727272727273}
{"tp": 34, "fp": 13, "tn": 97, "fn": 17, "accuracy": 0.8136645962732919, "recall": 0.6666666666666666, "precision": 0.723404255319149, "F1": 0.6938775510204082, "FPR": 0.11818181818181818}
{"tp": 38, "fp": 20, "tn": 90, "fn": 13, "accuracy": 0.7950310559006211, "recall": 0.7450980392156863, "precision": 0.6551724137931034, "F1": 0.6972477064220184, "FPR": 0.18181818181818182}
{"tp": 41, "fp": 26, "tn": 84, "fn": 10, "accuracy": 0.7763975155279503, "recall": 0.803921568627451, "precision": 0.6119402985074627, "F1": 0.6949152542372882, "FPR": 0.23636363636363636}
{"tp": 37, "fp": 18, "tn": 92, "fn": 14, "accuracy": 0.8012422360248447, "recall": 0.7254901960784313, "precision": 0.6727272727272727, "F1": 0.6981132075471698, "FPR": 0.16363636363636364}
{"tp": 28, "fp": 10, "tn": 100, "fn": 23, "accuracy": 0.7950310559006211, "recall": 0.5490196078431373, "precision": 0.7368421052631579, "F1": 0.6292134831460675, "FPR": 0.09090909090909091}
{"tp": 32, "fp": 15, "tn": 95, "fn": 19, "accuracy": 0.7888198757763976, "recall": 0.6274509803921569, "precision": 0.6808510638297872, "F1": 0.6530612244897959, "FPR": 0.13636363636363635}
{"tp": 33, "fp": 16, "tn": 94, "fn": 18, "accuracy": 0.7888198757763976, "recall": 0.6470588235294118, "precision": 0.673469387755102, "F1": 0.66, "FPR": 0.14545454545454545}
{"tp": 29, "fp": 12, "tn": 98, "fn": 22, "accuracy": 0.7888198757763976, "recall": 0.5686274509803921, "precision": 0.7073170731707317, "F1": 0.6304347826086957, "FPR": 0.10909090909090909}
{"tp": 35, "fp": 13, "tn": 97, "fn": 16, "accuracy": 0.8198757763975155, "recall": 0.6862745098039216, "precision": 0.7291666666666666, "F1": 0.7070707070707071, "FPR": 0.11818181818181818}
{"tp": 29, "fp": 10, "tn": 100, "fn": 22, "accuracy": 0.8012422360248447, "recall": 0.5686274509803921, "precision": 0.7435897435897436, "F1": 0.6444444444444445, "FPR": 0.09090909090909091}
{"tp": 32, "fp": 10, "tn": 100, "fn": 19, "accuracy": 0.8198757763975155, "recall": 0.6274509803921569, "precision": 0.7619047619047619, "F1": 0.6881720430107526, "FPR": 0.09090909090909091}
{"tp": 32, "fp": 15, "tn": 93, "fn": 21, "accuracy": 0.7763975155279503, "recall": 0.6037735849056604, "precision": 0.6808510638297872, "F1": 0.64, "FPR": 0.1388888888888889}
{"tp": 33, "fp": 16, "tn": 92, "fn": 20, "accuracy": 0.7763975155279503, "recall": 0.6226415094339622, "precision": 0.673469387755102, "F1": 0.6470588235294118, "FPR": 0.14814814814814814}
{"tp": 33, "fp": 12, "tn": 96, "fn": 20, "accuracy": 0.8012422360248447, "recall": 0.6226415094339622, "precision": 0.7333333333333333, "F1": 0.673469387755102, "FPR": 0.1111111111111111}
{"tp": 31, "fp": 19, "tn": 89, "fn": 22, "accuracy": 0.7453416149068323, "recall": 0.5849056603773585, "precision": 0.62, "F1": 0.6019417475728155, "FPR": 0.17592592592592593}
