{"tp": 45, "fp": 23, "tn": 87, "fn": 6, "accuracy": 0.8198757763975155, "recall": 0.8823529411764706, "precision": 0.6617647058823529, "F1": 0.7563025210084034, "FPR": 0.20909090909090908}
{"tp": 42, "fp": 16, "tn": 94, "fn": 9, "accuracy": 0.84472049689441, "recall": 0.8235294117647058, "precision": 0.7241379310344828, "F1": 0.7706422018348623, "FPR": 0.14545454545454545}
{"tp": 42, "fp": 14, "tn": 96, "fn": 9, "accuracy": 0.8571428571428571, "recall": 0.8235294117647058, "precision": 0.75, "F1": 0.7850467289719627, "FPR": 0.12727272727272726}
{"tp": 38, "fp": 9, "tn": 101, "fn": 13, "accuracy": 0.8633540372670807, "recall": 0.7450980392156863, "precision": 0.8085106382978723, "F1": 0.7755102040816325, "FPR": 0.08181818181818182}
{"tp": 43, "fp": 20, "tn": 90, "fn": 8, "accuracy": 0.8260869565217391, "recall": 0.8431372549019608, "precision": 0.6825396825396826, "F1": 0.7543859649122807, "FPR": 0.18181818181818182}
{"tp": 44, "fp": 15, "tn": 95, "fn": 7, "accuracy": 0.8633540372670807, "recall": 0.8627450980392157, "precision": 0.7457627118644068, "F1": 0.8, "FPR": 0.13636363636363635}
{"tp": 43, "fp": 24, "tn": 86, "fn": 8, "accuracy": 0.8012422360248447, "recall": 0.8431372549019608, "precision": 0.6417910447761194, "F1": 0.7288135593220338, "FPR": 0.21818181818181817}
{"tp": 43, "fp": 21, "tn": 89, "fn": 8, "accuracy": 0.8198757763975155, "recall": 0.8431372549019608, "precision": 0.671875, "F1": 0.7478260869565218, "FPR": 0.19090909090909092}
{"tp": 40, "fp": 7, "tn": 103, "fn": 11, "accuracy": 0.8881987577639752, "recall": 0.7843137254901961, "precision": 0.851063829787234, "F1": 0.8163265306122448, "FPR": 0.06363636363636363}
{"tp": 42, "fp": 15, "tn": 95, "fn": 9, "accuracy": 0.8509316770186336, "recall": 0.8235294117647058, "precision": 0.7368421052631579, "F1": 0.7777777777777778, "FPR": 0.13636363636363635}
{"tp": 37, "fp": 7, "tn": 103, "fn": 14, "accuracy": 0.8695652173913043, "recall": 0.7254901960784313, "precision": 0.8409090909090909, "F1": 0.7789473684210527, "FPR": 0.06363636363636363}
{"tp": 43, "fp": 12, "tn": 98, "fn": 8, "accuracy": 0.8757763975155279, "recall": 0.8431372549019608, "precision": 0.7818181818181819, "F1": 0.8113207547169811, "FPR": 0.10909090909090909}
{"tp": 45, "fp": 14, "tn": 94, "fn": 8, "accuracy": 0.8633540372670807, "recall": 0.8490566037735849, "precision": 0.7627118644067796, "F1": 0.8035714285714285, "FPR": 0.12962962962962962}
{"tp": 41, "fp": 22, "tn": 86, "fn": 12, "accuracy": 0.7888198757763976, "recall": 0.7735849056603774, "precision": 0.6507936507936508, "F1": 0.706896551724138, "FPR": 0.2037037037037037}
{"tp": 48, "fp": 11, "tn": 97, "fn": 5, "accuracy": 0.9006211180124224, "recall": 0.9056603773584906, "precision": 0.8135593220338984, "F1": 0.8571428571428572, "FPR": 0.10185185185185185}
{"tp": 47, "fp": 18, "tn": 90, "fn": 6, "accuracy": 0.8509316770186336, "recall": 0.8867924528301887, "precision": 0.7230769230769231, "F1": 0.7966101694915254, "FPR": 0.16666666666666666}
