{"tp": 50, "fp": 12, "tn": 98, "fn": 1, "accuracy": 0.9192546583850931, "recall": 0.9803921568627451, "precision": 0.8064516129032258, "F1": 0.8849557522123893, "FPR": 0.10909090909090909}
{"tp": 50, "fp": 12, "tn": 98, "fn": 1, "accuracy": 0.9192546583850931, "recall": 0.9803921568627451, "precision": 0.8064516129032258, "F1": 0.8849557522123893, "FPR": 0.10909090909090909}
{"tp": 50, "fp": 12, "tn": 98, "fn": 1, "accuracy": 0.9192546583850931, "recall": 0.9803921568627451, "precision": 0.8064516129032258, "F1": 0.8849557522123893, "FPR": 0.10909090909090909}
{"tp": 50, "fp": 12, "tn": 98, "fn": 1, "accuracy": 0.9192546583850931, "recall": 0.9803921568627451, "precision": 0.8064516129032258, "F1": 0.8849557522123893, "FPR": 0.10909090909090909}
{"tp": 50, "fp": 12, "tn": 98, "fn": 1, "accuracy": 0.9192546583850931, "recall": 0.9803921568627451, "precision": 0.8064516129032258, "F1": 0.8849557522123893, "FPR": 0.10909090909090909}
{"tp": 50, "fp": 12, "tn": 98, "fn": 1, "accuracy": 0.9192546583850931, "recall": 0.9803921568627451, "precision": 0.8064516129032258, "F1": 0.8849557522123893, "FPR": 0.10909090909090909}
{"tp": 50, "fp": 12, "tn": 98, "fn": 1, "accuracy": 0.9192546583850931, "recall": 0.9803921568627451, "precision": 0.8064516129032258, "F1": 0.8849557522123893, "FPR": 0.10909090909090909}
{"tp": 50, "fp": 12, "tn": 98, "fn": 1, "accuracy": 0.9192546583850931, "recall": 0.9803921568627451, "precision": 0.8064516129032258, "F1": 0.8849557522123893, "FPR": 0.10909090909090909}
{"tp": 50, "fp": 12, "tn": 98, "fn": 1, "accuracy": 0.9192546583850931, "recall": 0.9803921568627451, "precision": 0.8064516129032258, "F1": 0.8849557522123893, "FPR": 0.10909090909090909}
{"tp": 50, "fp": 12, "tn": 98, "fn": 1, "accuracy": 0.9192546583850931, "recall": 0.9803921568627451, "precision": 0.8064516129032258, "F1": 0.8849557522123893, "FPR": 0.10909090909090909}
{"tp": 50, "fp": 12, "tn": 98, "fn": 1, "accuracy": 0.9192546583850931, "recall": 0.9803921568627451, "precision": 0.8064516129032258, "F1": 0.8849557522123893, "FPR": 0.10909090909090909}
{"tp": 50, "fp": 12, "tn": 98, "fn": 1, "accuracy": 0.9192546583850931, "recall": 0.9803921568627451, "precision": 0.8064516129032258, "F1": 0.8849557522123893, "FPR": 0.10909090909090909}
{"tp": 50, "fp": 12, "tn": 98, "fn": 1, "accuracy": 0.9192546583850931, "recall": 0.9803921568627451, "precision": 0.8064516129032258, "F1": 0.8849557522123893, "FPR": 0.10909090909090909}
{"tp": 100, "fp": 24, "tn": 196, "fn": 2, "accuracy": 0.9192546583850931, "recall": 0.9803921568627451, "precision": 0.8064516129032258, "F1": 0.8849557522123893, "FPR": 0.10909090909090909}
