{"tp": 19, "fp": 6, "tn": 60, "fn": 12, "accuracy": 0.8144329896907216, "recall": 0.6129032258064516, "precision": 0.76, "F1": 0.6785714285714285, "FPR": 0.09090909090909091}
{"tp": 22, "fp": 7, "tn": 59, "fn": 9, "accuracy": 0.8350515463917526, "recall": 0.7096774193548387, "precision": 0.7586206896551724, "F1": 0.7333333333333333, "FPR": 0.10606060606060606}
{"tp": 26, "fp": 10, "tn": 56, "fn": 5, "accuracy": 0.845360824742268, "recall": 0.8387096774193549, "precision": 0.7222222222222222, "F1": 0.7761194029850746, "FPR": 0.15151515151515152}
{"tp": 25, "fp": 9, "tn": 57, "fn": 6, "accuracy": 0.845360824742268, "recall": 0.8064516129032258, "precision": 0.7352941176470589, "F1": 0.7692307692307693, "FPR": 0.13636363636363635}
{"tp": 26, "fp": 11, "tn": 55, "fn": 5, "accuracy": 0.8350515463917526, "recall": 0.8387096774193549, "precision": 0.7027027027027027, "F1": 0.7647058823529411, "FPR": 0.16666666666666666}
{"tp": 23, "fp": 11, "tn": 55, "fn": 8, "accuracy": 0.8041237113402062, "recall": 0.7419354838709677, "precision": 0.6764705882352942, "F1": 0.7076923076923077, "FPR": 0.16666666666666666}
{"tp": 24, "fp": 6, "tn": 60, "fn": 7, "accuracy": 0.865979381443299, "recall": 0.7741935483870968, "precision": 0.8, "F1": 0.7868852459016393, "FPR": 0.09090909090909091}
