{"tp": 23, "fp": 9, "tn": 57, "fn": 8, "accuracy": 82.4742268041237, "recall": 74.19354838709677, "precision": 71.875, "F1": 73.01587301587303, "FPR": 0.13636363636363635}
{"tp": 24, "fp": 10, "tn": 56, "fn": 7, "accuracy": 82.4742268041237, "recall": 77.41935483870968, "precision": 70.58823529411765, "F1": 73.84615384615385, "FPR": 0.15151515151515152}
{"tp": 23, "fp": 12, "tn": 54, "fn": 8, "accuracy": 79.38144329896907, "recall": 74.19354838709677, "precision": 65.71428571428571, "F1": 69.69696969696969, "FPR": 0.18181818181818182}
{"tp": 24, "fp": 7, "tn": 59, "fn": 7, "accuracy": 85.56701030927834, "recall": 77.41935483870968, "precision": 77.41935483870968, "F1": 77.41935483870968, "FPR": 0.10606060606060606}
{"tp": 24, "fp": 10, "tn": 56, "fn": 7, "accuracy": 82.4742268041237, "recall": 77.41935483870968, "precision": 70.58823529411765, "F1": 73.84615384615385, "FPR": 0.15151515151515152}
{"tp": 27, "fp": 13, "tn": 53, "fn": 4, "accuracy": 82.4742268041237, "recall": 87.09677419354838, "precision": 67.5, "F1": 76.05633802816901, "FPR": 0.19696969696969696}
