{"tp": 25, "fp": 10, "tn": 56, "fn": 6, "accuracy": 83.50515463917526, "recall": 80.64516129032258, "precision": 71.42857142857143, "F1": 75.75757575757575, "FPR": 0.15151515151515152}
{"tp": 22, "fp": 11, "tn": 55, "fn": 9, "accuracy": 79.38144329896907, "recall": 70.96774193548387, "precision": 66.66666666666666, "F1": 68.75, "FPR": 0.16666666666666666}
{"tp": 26, "fp": 10, "tn": 56, "fn": 5, "accuracy": 84.5360824742268, "recall": 83.87096774193549, "precision": 72.22222222222221, "F1": 77.61194029850746, "FPR": 0.15151515151515152}
{"tp": 24, "fp": 10, "tn": 56, "fn": 7, "accuracy": 82.4742268041237, "recall": 77.41935483870968, "precision": 70.58823529411765, "F1": 73.84615384615385, "FPR": 0.15151515151515152}
{"tp": 24, "fp": 13, "tn": 53, "fn": 7, "accuracy": 79.38144329896907, "recall": 77.41935483870968, "precision": 64.86486486486487, "F1": 70.58823529411764, "FPR": 0.19696969696969696}
{"tp": 23, "fp": 12, "tn": 54, "fn": 8, "accuracy": 79.38144329896907, "recall": 74.19354838709677, "precision": 65.71428571428571, "F1": 69.69696969696969, "FPR": 0.18181818181818182}
