{"tp": 24, "fp": 9, "tn": 57, "fn": 7, "accuracy": 83.50515463917526, "recall": 77.41935483870968, "precision": 72.72727272727273, "F1": 75.00000000000001, "FPR": 0.13636363636363635}
{"tp": 20, "fp": 10, "tn": 56, "fn": 11, "accuracy": 78.35051546391753, "recall": 64.51612903225806, "precision": 66.66666666666666, "F1": 65.57377049180327, "FPR": 0.15151515151515152}
{"tp": 23, "fp": 10, "tn": 56, "fn": 8, "accuracy": 81.44329896907216, "recall": 74.19354838709677, "precision": 69.6969696969697, "F1": 71.875, "FPR": 0.15151515151515152}
{"tp": 24, "fp": 9, "tn": 57, "fn": 7, "accuracy": 83.50515463917526, "recall": 77.41935483870968, "precision": 72.72727272727273, "F1": 75.00000000000001, "FPR": 0.13636363636363635}
{"tp": 24, "fp": 13, "tn": 53, "fn": 7, "accuracy": 79.38144329896907, "recall": 77.41935483870968, "precision": 64.86486486486487, "F1": 70.58823529411764, "FPR": 0.19696969696969696}
{"tp": 22, "fp": 10, "tn": 56, "fn": 9, "accuracy": 80.41237113402062, "recall": 70.96774193548387, "precision": 68.75, "F1": 69.84126984126983, "FPR": 0.15151515151515152}
