{"tp": 21, "fp": 14, "tn": 52, "fn": 10, "accuracy": 0.7525773195876289, "recall": 0.6774193548387096, "precision": 0.6, "F1": 0.6363636363636364, "FPR": 0.21212121212121213}
{"tp": 21, "fp": 17, "tn": 49, "fn": 10, "accuracy": 0.7216494845360825, "recall": 0.6774193548387096, "precision": 0.5526315789473685, "F1": 0.6086956521739131, "FPR": 0.25757575757575757}
{"tp": 17, "fp": 11, "tn": 55, "fn": 14, "accuracy": 0.7422680412371134, "recall": 0.5483870967741935, "precision": 0.6071428571428571, "F1": 0.5762711864406779, "FPR": 0.16666666666666666}
{"tp": 22, "fp": 16, "tn": 50, "fn": 9, "accuracy": 0.7422680412371134, "recall": 0.7096774193548387, "precision": 0.5789473684210527, "F1": 0.6376811594202899, "FPR": 0.24242424242424243}
{"tp": 13, "fp": 9, "tn": 57, "fn": 18, "accuracy": 0.7216494845360825, "recall": 0.41935483870967744, "precision": 0.5909090909090909, "F1": 0.4905660377358491, "FPR": 0.13636363636363635}
{"tp": 20, "fp": 14, "tn": 52, "fn": 11, "accuracy": 0.7422680412371134, "recall": 0.6451612903225806, "precision": 0.5882352941176471, "F1": 0.6153846153846154, "FPR": 0.21212121212121213}
{"tp": 19, "fp": 8, "tn": 58, "fn": 12, "accuracy": 0.7938144329896907, "recall": 0.6129032258064516, "precision": 0.7037037037037037, "F1": 0.6551724137931035, "FPR": 0.12121212121212122}
{"tp": 22, "fp": 13, "tn": 53, "fn": 9, "accuracy": 0.7731958762886598, "recall": 0.7096774193548387, "precision": 0.6285714285714286, "F1": 0.6666666666666666, "FPR": 0.19696969696969696}
{"tp": 23, "fp": 11, "tn": 55, "fn": 8, "accuracy": 0.8041237113402062, "recall": 0.7419354838709677, "precision": 0.6764705882352942, "F1": 0.7076923076923077, "FPR": 0.16666666666666666}
{"tp": 18, "fp": 7, "tn": 59, "fn": 13, "accuracy": 0.7938144329896907, "recall": 0.5806451612903226, "precision": 0.72, "F1": 0.6428571428571428, "FPR": 0.10606060606060606}
