{"tp": 21, "fp": 14, "tn": 52, "fn": 10, "accuracy": 0.7525773195876289, "recall": 0.6774193548387096, "precision": 0.6, "F1": 0.6363636363636364, "FPR": 0.21212121212121213}
{"tp": 23, "fp": 15, "tn": 51, "fn": 8, "accuracy": 0.7628865979381443, "recall": 0.7419354838709677, "precision": 0.6052631578947368, "F1": 0.6666666666666666, "FPR": 0.22727272727272727}
{"tp": 19, "fp": 5, "tn": 61, "fn": 12, "accuracy": 0.8247422680412371, "recall": 0.6129032258064516, "precision": 0.7916666666666666, "F1": 0.6909090909090909, "FPR": 0.07575757575757576}
{"tp": 18, "fp": 7, "tn": 59, "fn": 13, "accuracy": 0.7938144329896907, "recall": 0.5806451612903226, "precision": 0.72, "F1": 0.6428571428571428, "FPR": 0.10606060606060606}
{"tp": 25, "fp": 12, "tn": 54, "fn": 6, "accuracy": 0.8144329896907216, "recall": 0.8064516129032258, "precision": 0.6756756756756757, "F1": 0.7352941176470588, "FPR": 0.18181818181818182}
{"tp": 22, "fp": 17, "tn": 49, "fn": 9, "accuracy": 0.7319587628865979, "recall": 0.7096774193548387, "precision": 0.5641025641025641, "F1": 0.6285714285714286, "FPR": 0.25757575757575757}
{"tp": 25, "fp": 12, "tn": 54, "fn": 6, "accuracy": 0.8144329896907216, "recall": 0.8064516129032258, "precision": 0.6756756756756757, "F1": 0.7352941176470588, "FPR": 0.18181818181818182}
{"tp": 24, "fp": 9, "tn": 57, "fn": 7, "accuracy": 0.8350515463917526, "recall": 0.7741935483870968, "precision": 0.7272727272727273, "F1": 0.7500000000000001, "FPR": 0.13636363636363635}
{"tp": 24, "fp": 15, "tn": 51, "fn": 7, "accuracy": 0.7731958762886598, "recall": 0.7741935483870968, "precision": 0.6153846153846154, "F1": 0.6857142857142857, "FPR": 0.22727272727272727}
{"tp": 25, "fp": 11, "tn": 55, "fn": 6, "accuracy": 0.8247422680412371, "recall": 0.8064516129032258, "precision": 0.6944444444444444, "F1": 0.746268656716418, "FPR": 0.16666666666666666}
