{"tp": 30, "fp": 11, "tn": 55, "fn": 1, "accuracy": 0.8762886597938144, "recall": 0.967741935483871, "precision": 0.7317073170731707, "F1": 0.8333333333333334, "FPR": 0.16666666666666666}
{"tp": 30, "fp": 11, "tn": 55, "fn": 1, "accuracy": 0.8762886597938144, "recall": 0.967741935483871, "precision": 0.7317073170731707, "F1": 0.8333333333333334, "FPR": 0.16666666666666666}
{"tp": 30, "fp": 11, "tn": 55, "fn": 1, "accuracy": 0.8762886597938144, "recall": 0.967741935483871, "precision": 0.7317073170731707, "F1": 0.8333333333333334, "FPR": 0.16666666666666666}
{"tp": 30, "fp": 11, "tn": 55, "fn": 1, "accuracy": 0.8762886597938144, "recall": 0.967741935483871, "precision": 0.7317073170731707, "F1": 0.8333333333333334, "FPR": 0.16666666666666666}
{"tp": 30, "fp": 11, "tn": 55, "fn": 1, "accuracy": 0.8762886597938144, "recall": 0.967741935483871, "precision": 0.7317073170731707, "F1": 0.8333333333333334, "FPR": 0.16666666666666666}
{"tp": 30, "fp": 11, "tn": 55, "fn": 1, "accuracy": 0.8762886597938144, "recall": 0.967741935483871, "precision": 0.7317073170731707, "F1": 0.8333333333333334, "FPR": 0.16666666666666666}
{"tp": 30, "fp": 11, "tn": 55, "fn": 1, "accuracy": 0.8762886597938144, "recall": 0.967741935483871, "precision": 0.7317073170731707, "F1": 0.8333333333333334, "FPR": 0.16666666666666666}
{"tp": 30, "fp": 11, "tn": 55, "fn": 1, "accuracy": 0.8762886597938144, "recall": 0.967741935483871, "precision": 0.7317073170731707, "F1": 0.8333333333333334, "FPR": 0.16666666666666666}
{"tp": 30, "fp": 11, "tn": 55, "fn": 1, "accuracy": 0.8762886597938144, "recall": 0.967741935483871, "precision": 0.7317073170731707, "F1": 0.8333333333333334, "FPR": 0.16666666666666666}
{"tp": 30, "fp": 11, "tn": 55, "fn": 1, "accuracy": 0.8762886597938144, "recall": 0.967741935483871, "precision": 0.7317073170731707, "F1": 0.8333333333333334, "FPR": 0.16666666666666666}
