{"tp": 13, "fp": 4, "tn": 40, "fn": 8, "accuracy": 0.8153846153846154, "recall": 0.6190476190476191, "precision": 0.7647058823529411, "F1": 0.6842105263157895, "FPR": 0.09090909090909091}
{"tp": 16, "fp": 5, "tn": 39, "fn": 5, "accuracy": 0.8461538461538461, "recall": 0.7619047619047619, "precision": 0.7619047619047619, "F1": 0.7619047619047619, "FPR": 0.11363636363636363}
{"tp": 14, "fp": 6, "tn": 38, "fn": 7, "accuracy": 0.8, "recall": 0.6666666666666666, "precision": 0.7, "F1": 0.6829268292682926, "FPR": 0.13636363636363635}
{"tp": 15, "fp": 3, "tn": 41, "fn": 6, "accuracy": 0.8615384615384616, "recall": 0.7142857142857143, "precision": 0.8333333333333334, "F1": 0.7692307692307692, "FPR": 0.06818181818181818}
{"tp": 16, "fp": 4, "tn": 40, "fn": 5, "accuracy": 0.8615384615384616, "recall": 0.7619047619047619, "precision": 0.8, "F1": 0.7804878048780488, "FPR": 0.09090909090909091}
