{"tp": 14, "fp": 4, "tn": 40, "fn": 7, "accuracy": 83.07692307692308, "recall": 66.66666666666666, "precision": 77.77777777777779, "F1": 71.7948717948718, "FPR": 0.09090909090909091}
{"tp": 14, "fp": 5, "tn": 39, "fn": 7, "accuracy": 81.53846153846153, "recall": 66.66666666666666, "precision": 73.68421052631578, "F1": 70.0, "FPR": 0.11363636363636363}
{"tp": 11, "fp": 6, "tn": 38, "fn": 10, "accuracy": 75.38461538461539, "recall": 52.38095238095239, "precision": 64.70588235294117, "F1": 57.89473684210527, "FPR": 0.13636363636363635}
{"tp": 14, "fp": 5, "tn": 39, "fn": 7, "accuracy": 81.53846153846153, "recall": 66.66666666666666, "precision": 73.68421052631578, "F1": 70.0, "FPR": 0.11363636363636363}
{"tp": 12, "fp": 3, "tn": 41, "fn": 9, "accuracy": 81.53846153846153, "recall": 57.14285714285714, "precision": 80.0, "F1": 66.66666666666666, "FPR": 0.06818181818181818}
