{"tp": 17, "fp": 7, "tn": 37, "fn": 4, "accuracy": 83.07692307692308, "recall": 80.95238095238095, "precision": 70.83333333333334, "F1": 75.55555555555557, "FPR": 0.1590909090909091}
{"tp": 17, "fp": 8, "tn": 36, "fn": 4, "accuracy": 81.53846153846153, "recall": 80.95238095238095, "precision": 68.0, "F1": 73.91304347826089, "FPR": 0.18181818181818182}
{"tp": 16, "fp": 9, "tn": 35, "fn": 5, "accuracy": 78.46153846153847, "recall": 76.19047619047619, "precision": 64.0, "F1": 69.56521739130434, "FPR": 0.20454545454545456}
{"tp": 13, "fp": 5, "tn": 39, "fn": 8, "accuracy": 80.0, "recall": 61.904761904761905, "precision": 72.22222222222221, "F1": 66.66666666666666, "FPR": 0.11363636363636363}
{"tp": 16, "fp": 7, "tn": 37, "fn": 5, "accuracy": 81.53846153846153, "recall": 76.19047619047619, "precision": 69.56521739130434, "F1": 72.72727272727272, "FPR": 0.1590909090909091}
