{"tp": 15, "fp": 4, "tn": 40, "fn": 6, "accuracy": 84.61538461538461, "recall": 71.42857142857143, "precision": 78.94736842105263, "F1": 75.00000000000001, "FPR": 0.09090909090909091}
{"tp": 14, "fp": 4, "tn": 40, "fn": 7, "accuracy": 83.07692307692308, "recall": 66.66666666666666, "precision": 77.77777777777779, "F1": 71.7948717948718, "FPR": 0.09090909090909091}
{"tp": 15, "fp": 6, "tn": 38, "fn": 6, "accuracy": 81.53846153846153, "recall": 71.42857142857143, "precision": 71.42857142857143, "F1": 71.42857142857143, "FPR": 0.13636363636363635}
{"tp": 18, "fp": 7, "tn": 37, "fn": 3, "accuracy": 84.61538461538461, "recall": 85.71428571428571, "precision": 72.0, "F1": 78.26086956521739, "FPR": 0.1590909090909091}
{"tp": 15, "fp": 5, "tn": 39, "fn": 6, "accuracy": 83.07692307692308, "recall": 71.42857142857143, "precision": 75.0, "F1": 73.17073170731706, "FPR": 0.11363636363636363}
