{"tp": 16, "fp": 12, "tn": 32, "fn": 5, "accuracy": 0.7384615384615385, "recall": 0.7619047619047619, "precision": 0.5714285714285714, "F1": 0.6530612244897959, "FPR": 0.2727272727272727}
{"tp": 16, "fp": 8, "tn": 36, "fn": 5, "accuracy": 0.8, "recall": 0.7619047619047619, "precision": 0.6666666666666666, "F1": 0.7111111111111111, "FPR": 0.18181818181818182}
{"tp": 13, "fp": 5, "tn": 39, "fn": 8, "accuracy": 0.8, "recall": 0.6190476190476191, "precision": 0.7222222222222222, "F1": 0.6666666666666666, "FPR": 0.11363636363636363}
{"tp": 13, "fp": 6, "tn": 38, "fn": 8, "accuracy": 0.7846153846153846, "recall": 0.6190476190476191, "precision": 0.6842105263157895, "F1": 0.6500000000000001, "FPR": 0.13636363636363635}
{"tp": 13, "fp": 8, "tn": 36, "fn": 8, "accuracy": 0.7538461538461538, "recall": 0.6190476190476191, "precision": 0.6190476190476191, "F1": 0.6190476190476191, "FPR": 0.18181818181818182}
