{"tp": 13, "fp": 4, "tn": 40, "fn": 8, "accuracy": 0.8153846153846154, "recall": 0.6190476190476191, "precision": 0.7647058823529411, "F1": 0.6842105263157895, "FPR": 0.09090909090909091}
{"tp": 14, "fp": 5, "tn": 39, "fn": 7, "accuracy": 0.8153846153846154, "recall": 0.6666666666666666, "precision": 0.7368421052631579, "F1": 0.7, "FPR": 0.11363636363636363}
{"tp": 12, "fp": 9, "tn": 35, "fn": 9, "accuracy": 0.7230769230769231, "recall": 0.5714285714285714, "precision": 0.5714285714285714, "F1": 0.5714285714285714, "FPR": 0.20454545454545456}
{"tp": 14, "fp": 5, "tn": 39, "fn": 7, "accuracy": 0.8153846153846154, "recall": 0.6666666666666666, "precision": 0.7368421052631579, "F1": 0.7, "FPR": 0.11363636363636363}
{"tp": 15, "fp": 3, "tn": 41, "fn": 6, "accuracy": 0.8615384615384616, "recall": 0.7142857142857143, "precision": 0.8333333333333334, "F1": 0.7692307692307692, "FPR": 0.06818181818181818}
