{"tp": 20, "fp": 9, "tn": 35, "fn": 1, "accuracy": 0.8461538461538461, "recall": 0.9523809523809523, "precision": 0.6896551724137931, "F1": 0.7999999999999999, "FPR": 0.20454545454545456}
{"tp": 20, "fp": 9, "tn": 35, "fn": 1, "accuracy": 0.8461538461538461, "recall": 0.9523809523809523, "precision": 0.6896551724137931, "F1": 0.7999999999999999, "FPR": 0.20454545454545456}
{"tp": 20, "fp": 9, "tn": 35, "fn": 1, "accuracy": 0.8461538461538461, "recall": 0.9523809523809523, "precision": 0.6896551724137931, "F1": 0.7999999999999999, "FPR": 0.20454545454545456}
{"tp": 20, "fp": 9, "tn": 35, "fn": 1, "accuracy": 0.8461538461538461, "recall": 0.9523809523809523, "precision": 0.6896551724137931, "F1": 0.7999999999999999, "FPR": 0.20454545454545456}
{"tp": 20, "fp": 9, "tn": 35, "fn": 1, "accuracy": 0.8461538461538461, "recall": 0.9523809523809523, "precision": 0.6896551724137931, "F1": 0.7999999999999999, "FPR": 0.20454545454545456}
