{"tp": 12, "fp": 3, "tn": 17, "fn": 1, "accuracy": 0.8787878787878788, "recall": 0.9230769230769231, "precision": 0.8, "F1": 0.8571428571428571, "FPR": 0.15}
{"tp": 10, "fp": 2, "tn": 18, "fn": 3, "accuracy": 0.8484848484848485, "recall": 0.7692307692307693, "precision": 0.8333333333333334, "F1": 0.8, "FPR": 0.1}
{"tp": 10, "fp": 1, "tn": 19, "fn": 3, "accuracy": 0.8787878787878788, "recall": 0.7692307692307693, "precision": 0.9090909090909091, "F1": 0.8333333333333333, "FPR": 0.05}
{"tp": 10, "fp": 3, "tn": 17, "fn": 3, "accuracy": 0.8181818181818182, "recall": 0.7692307692307693, "precision": 0.7692307692307693, "F1": 0.7692307692307693, "FPR": 0.15}
{"tp": 10, "fp": 2, "tn": 18, "fn": 3, "accuracy": 0.8484848484848485, "recall": 0.7692307692307693, "precision": 0.8333333333333334, "F1": 0.8, "FPR": 0.1}
{"tp": 9, "fp": 1, "tn": 19, "fn": 4, "accuracy": 0.8484848484848485, "recall": 0.6923076923076923, "precision": 0.9, "F1": 0.7826086956521738, "FPR": 0.05}
