{"tp": 11, "fp": 4, "tn": 16, "fn": 2, "accuracy": 0.8181818181818182, "recall": 0.8461538461538461, "precision": 0.7333333333333333, "F1": 0.7857142857142856, "FPR": 0.2}
{"tp": 9, "fp": 2, "tn": 18, "fn": 4, "accuracy": 0.8181818181818182, "recall": 0.6923076923076923, "precision": 0.8181818181818182, "F1": 0.7500000000000001, "FPR": 0.1}
{"tp": 9, "fp": 0, "tn": 20, "fn": 4, "accuracy": 0.8787878787878788, "recall": 0.6923076923076923, "precision": 1.0, "F1": 0.8181818181818181, "FPR": 0.0}
{"tp": 10, "fp": 3, "tn": 17, "fn": 3, "accuracy": 0.8181818181818182, "recall": 0.7692307692307693, "precision": 0.7692307692307693, "F1": 0.7692307692307693, "FPR": 0.15}
{"tp": 8, "fp": 2, "tn": 18, "fn": 5, "accuracy": 0.7878787878787878, "recall": 0.6153846153846154, "precision": 0.8, "F1": 0.6956521739130435, "FPR": 0.1}
{"tp": 9, "fp": 1, "tn": 19, "fn": 4, "accuracy": 0.8484848484848485, "recall": 0.6923076923076923, "precision": 0.9, "F1": 0.7826086956521738, "FPR": 0.05}
