{"tp": 12, "fp": 4, "tn": 16, "fn": 1, "accuracy": 0.8484848484848485, "recall": 0.9230769230769231, "precision": 0.75, "F1": 0.8275862068965517, "FPR": 0.2}
{"tp": 11, "fp": 2, "tn": 18, "fn": 2, "accuracy": 0.8787878787878788, "recall": 0.8461538461538461, "precision": 0.8461538461538461, "F1": 0.8461538461538461, "FPR": 0.1}
{"tp": 10, "fp": 1, "tn": 19, "fn": 3, "accuracy": 0.8787878787878788, "recall": 0.7692307692307693, "precision": 0.9090909090909091, "F1": 0.8333333333333333, "FPR": 0.05}
{"tp": 13, "fp": 3, "tn": 17, "fn": 0, "accuracy": 0.9090909090909091, "recall": 1.0, "precision": 0.8125, "F1": 0.896551724137931, "FPR": 0.15}
{"tp": 10, "fp": 2, "tn": 18, "fn": 3, "accuracy": 0.8484848484848485, "recall": 0.7692307692307693, "precision": 0.8333333333333334, "F1": 0.8, "FPR": 0.1}
{"tp": 11, "fp": 1, "tn": 19, "fn": 2, "accuracy": 0.9090909090909091, "recall": 0.8461538461538461, "precision": 0.9166666666666666, "F1": 0.8799999999999999, "FPR": 0.05}
