{"tp": 11, "fp": 4, "tn": 16, "fn": 2, "accuracy": 0.8181818181818182, "recall": 0.8461538461538461, "precision": 0.7333333333333333, "F1": 0.7857142857142856, "FPR": 0.2}
{"tp": 12, "fp": 4, "tn": 16, "fn": 1, "accuracy": 0.8484848484848485, "recall": 0.9230769230769231, "precision": 0.75, "F1": 0.8275862068965517, "FPR": 0.2}
{"tp": 11, "fp": 5, "tn": 15, "fn": 2, "accuracy": 0.7878787878787878, "recall": 0.8461538461538461, "precision": 0.6875, "F1": 0.7586206896551724, "FPR": 0.25}
{"tp": 12, "fp": 3, "tn": 17, "fn": 1, "accuracy": 0.8787878787878788, "recall": 0.9230769230769231, "precision": 0.8, "F1": 0.8571428571428571, "FPR": 0.15}
{"tp": 11, "fp": 4, "tn": 16, "fn": 2, "accuracy": 0.8181818181818182, "recall": 0.8461538461538461, "precision": 0.7333333333333333, "F1": 0.7857142857142856, "FPR": 0.2}
{"tp": 11, "fp": 2, "tn": 18, "fn": 2, "accuracy": 0.8787878787878788, "recall": 0.8461538461538461, "precision": 0.8461538461538461, "F1": 0.8461538461538461, "FPR": 0.1}
