{"tp": 11, "fp": 1, "tn": 19, "fn": 2, "accuracy": 0.9090909090909091, "recall": 0.8461538461538461, "precision": 0.9166666666666666, "F1": 0.8799999999999999, "FPR": 0.05}
{"tp": 10, "fp": 2, "tn": 18, "fn": 3, "accuracy": 0.8484848484848485, "recall": 0.7692307692307693, "precision": 0.8333333333333334, "F1": 0.8, "FPR": 0.1}
{"tp": 9, "fp": 2, "tn": 18, "fn": 4, "accuracy": 0.8181818181818182, "recall": 0.6923076923076923, "precision": 0.8181818181818182, "F1": 0.7500000000000001, "FPR": 0.1}
{"tp": 9, "fp": 2, "tn": 18, "fn": 4, "accuracy": 0.8181818181818182, "recall": 0.6923076923076923, "precision": 0.8181818181818182, "F1": 0.7500000000000001, "FPR": 0.1}
{"tp": 9, "fp": 2, "tn": 18, "fn": 4, "accuracy": 0.8181818181818182, "recall": 0.6923076923076923, "precision": 0.8181818181818182, "F1": 0.7500000000000001, "FPR": 0.1}
{"tp": 9, "fp": 3, "tn": 17, "fn": 4, "accuracy": 0.7878787878787878, "recall": 0.6923076923076923, "precision": 0.75, "F1": 0.7199999999999999, "FPR": 0.15}
