{"tp": 12, "fp": 9, "tn": 11, "fn": 1, "accuracy": 0.696969696969697, "recall": 0.9230769230769231, "precision": 0.5714285714285714, "F1": 0.7058823529411765, "FPR": 0.45}
{"tp": 12, "fp": 9, "tn": 11, "fn": 1, "accuracy": 0.696969696969697, "recall": 0.9230769230769231, "precision": 0.5714285714285714, "F1": 0.7058823529411765, "FPR": 0.45}
{"tp": 12, "fp": 9, "tn": 11, "fn": 1, "accuracy": 0.696969696969697, "recall": 0.9230769230769231, "precision": 0.5714285714285714, "F1": 0.7058823529411765, "FPR": 0.45}
{"tp": 12, "fp": 9, "tn": 11, "fn": 1, "accuracy": 0.696969696969697, "recall": 0.9230769230769231, "precision": 0.5714285714285714, "F1": 0.7058823529411765, "FPR": 0.45}
{"tp": 12, "fp": 9, "tn": 11, "fn": 1, "accuracy": 0.696969696969697, "recall": 0.9230769230769231, "precision": 0.5714285714285714, "F1": 0.7058823529411765, "FPR": 0.45}
{"tp": 12, "fp": 9, "tn": 11, "fn": 1, "accuracy": 0.696969696969697, "recall": 0.9230769230769231, "precision": 0.5714285714285714, "F1": 0.7058823529411765, "FPR": 0.45}
