{"tp": 74, "fp": 33, "tn": 167, "fn": 16, "accuracy": 0.8310344827586207, "recall": 0.8222222222222222, "precision": 0.6915887850467289, "F1": 0.7512690355329948, "FPR": 0.165}
{"tp": 76, "fp": 36, "tn": 164, "fn": 14, "accuracy": 0.8275862068965517, "recall": 0.8444444444444444, "precision": 0.6785714285714286, "F1": 0.7524752475247526, "FPR": 0.18}
{"tp": 76, "fp": 40, "tn": 160, "fn": 14, "accuracy": 0.8137931034482758, "recall": 0.8444444444444444, "precision": 0.6551724137931034, "F1": 0.7378640776699029, "FPR": 0.2}
{"tp": 73, "fp": 38, "tn": 162, "fn": 17, "accuracy": 0.8103448275862069, "recall": 0.8111111111111111, "precision": 0.6576576576576577, "F1": 0.7263681592039801, "FPR": 0.19}
{"tp": 81, "fp": 39, "tn": 161, "fn": 9, "accuracy": 0.8344827586206897, "recall": 0.9, "precision": 0.675, "F1": 0.7714285714285714, "FPR": 0.195}
{"tp": 76, "fp": 39, "tn": 161, "fn": 14, "accuracy": 0.8172413793103448, "recall": 0.8444444444444444, "precision": 0.6608695652173913, "F1": 0.7414634146341463, "FPR": 0.195}
