{"tp": 67, "fp": 43, "tn": 157, "fn": 23, "accuracy": 0.7724137931034483, "recall": 0.7444444444444445, "precision": 0.6090909090909091, "F1": 0.67, "FPR": 0.215}
{"tp": 70, "fp": 42, "tn": 158, "fn": 20, "accuracy": 0.7862068965517242, "recall": 0.7777777777777778, "precision": 0.625, "F1": 0.6930693069306931, "FPR": 0.21}
{"tp": 73, "fp": 43, "tn": 157, "fn": 17, "accuracy": 0.7931034482758621, "recall": 0.8111111111111111, "precision": 0.6293103448275862, "F1": 0.7087378640776699, "FPR": 0.215}
{"tp": 73, "fp": 47, "tn": 153, "fn": 17, "accuracy": 0.7793103448275862, "recall": 0.8111111111111111, "precision": 0.6083333333333333, "F1": 0.6952380952380952, "FPR": 0.235}
{"tp": 73, "fp": 50, "tn": 150, "fn": 17, "accuracy": 0.7689655172413793, "recall": 0.8111111111111111, "precision": 0.5934959349593496, "F1": 0.6854460093896714, "FPR": 0.25}
{"tp": 67, "fp": 46, "tn": 154, "fn": 23, "accuracy": 0.7620689655172413, "recall": 0.7444444444444445, "precision": 0.5929203539823009, "F1": 0.6600985221674878, "FPR": 0.23}
