{"tp": 76, "fp": 31, "tn": 169, "fn": 14, "accuracy": 0.8448275862068966, "recall": 0.8444444444444444, "precision": 0.7102803738317757, "F1": 0.7715736040609137, "FPR": 0.155}
{"tp": 76, "fp": 30, "tn": 170, "fn": 14, "accuracy": 0.8482758620689655, "recall": 0.8444444444444444, "precision": 0.7169811320754716, "F1": 0.7755102040816326, "FPR": 0.15}
{"tp": 74, "fp": 37, "tn": 163, "fn": 16, "accuracy": 0.8172413793103448, "recall": 0.8222222222222222, "precision": 0.6666666666666666, "F1": 0.7363184079601989, "FPR": 0.185}
{"tp": 75, "fp": 34, "tn": 166, "fn": 15, "accuracy": 0.8310344827586207, "recall": 0.8333333333333334, "precision": 0.6880733944954128, "F1": 0.7537688442211056, "FPR": 0.17}
{"tp": 76, "fp": 33, "tn": 167, "fn": 14, "accuracy": 0.8379310344827586, "recall": 0.8444444444444444, "precision": 0.6972477064220184, "F1": 0.763819095477387, "FPR": 0.165}
{"tp": 78, "fp": 48, "tn": 152, "fn": 12, "accuracy": 0.7931034482758621, "recall": 0.8666666666666667, "precision": 0.6190476190476191, "F1": 0.7222222222222222, "FPR": 0.24}
