{"tp": 78, "fp": 51, "tn": 149, "fn": 12, "accuracy": 0.7827586206896552, "recall": 0.8666666666666667, "precision": 0.6046511627906976, "F1": 0.7123287671232877, "FPR": 0.255}
{"tp": 76, "fp": 44, "tn": 156, "fn": 14, "accuracy": 0.8, "recall": 0.8444444444444444, "precision": 0.6333333333333333, "F1": 0.7238095238095237, "FPR": 0.22}
{"tp": 76, "fp": 45, "tn": 155, "fn": 14, "accuracy": 0.7965517241379311, "recall": 0.8444444444444444, "precision": 0.628099173553719, "F1": 0.7203791469194313, "FPR": 0.225}
{"tp": 74, "fp": 40, "tn": 160, "fn": 16, "accuracy": 0.8068965517241379, "recall": 0.8222222222222222, "precision": 0.6491228070175439, "F1": 0.7254901960784313, "FPR": 0.2}
{"tp": 80, "fp": 52, "tn": 148, "fn": 10, "accuracy": 0.7862068965517242, "recall": 0.8888888888888888, "precision": 0.6060606060606061, "F1": 0.7207207207207208, "FPR": 0.26}
{"tp": 75, "fp": 45, "tn": 155, "fn": 15, "accuracy": 0.7931034482758621, "recall": 0.8333333333333334, "precision": 0.625, "F1": 0.7142857142857143, "FPR": 0.225}
