{"tp": 56, "fp": 60, "tn": 140, "fn": 34, "accuracy": 0.6758620689655173, "recall": 0.6222222222222222, "precision": 0.4827586206896552, "F1": 0.5436893203883495, "FPR": 0.3}
{"tp": 68, "fp": 64, "tn": 136, "fn": 22, "accuracy": 0.7034482758620689, "recall": 0.7555555555555555, "precision": 0.5151515151515151, "F1": 0.6126126126126126, "FPR": 0.32}
{"tp": 66, "fp": 59, "tn": 141, "fn": 24, "accuracy": 0.7137931034482758, "recall": 0.7333333333333333, "precision": 0.528, "F1": 0.613953488372093, "FPR": 0.295}
{"tp": 66, "fp": 59, "tn": 141, "fn": 24, "accuracy": 0.7137931034482758, "recall": 0.7333333333333333, "precision": 0.528, "F1": 0.613953488372093, "FPR": 0.295}
{"tp": 69, "fp": 66, "tn": 134, "fn": 21, "accuracy": 0.7, "recall": 0.7666666666666667, "precision": 0.5111111111111111, "F1": 0.6133333333333334, "FPR": 0.33}
{"tp": 60, "fp": 67, "tn": 133, "fn": 30, "accuracy": 0.6655172413793103, "recall": 0.6666666666666666, "precision": 0.47244094488188976, "F1": 0.5529953917050692, "FPR": 0.335}
