{"tp": 78, "fp": 57, "tn": 143, "fn": 12, "accuracy": 0.7620689655172413, "recall": 0.8666666666666667, "precision": 0.5777777777777777, "F1": 0.6933333333333332, "FPR": 0.285}
{"tp": 78, "fp": 55, "tn": 145, "fn": 12, "accuracy": 0.7689655172413793, "recall": 0.8666666666666667, "precision": 0.5864661654135338, "F1": 0.6995515695067265, "FPR": 0.275}
{"tp": 74, "fp": 47, "tn": 153, "fn": 16, "accuracy": 0.7827586206896552, "recall": 0.8222222222222222, "precision": 0.6115702479338843, "F1": 0.7014218009478673, "FPR": 0.235}
{"tp": 78, "fp": 54, "tn": 146, "fn": 12, "accuracy": 0.7724137931034483, "recall": 0.8666666666666667, "precision": 0.5909090909090909, "F1": 0.7027027027027029, "FPR": 0.27}
{"tp": 79, "fp": 55, "tn": 145, "fn": 11, "accuracy": 0.7724137931034483, "recall": 0.8777777777777778, "precision": 0.5895522388059702, "F1": 0.7053571428571428, "FPR": 0.275}
{"tp": 79, "fp": 58, "tn": 142, "fn": 11, "accuracy": 0.7620689655172413, "recall": 0.8777777777777778, "precision": 0.5766423357664233, "F1": 0.696035242290749, "FPR": 0.29}
