{"tp": 87, "fp": 18, "tn": 182, "fn": 3, "accuracy": 0.9275862068965517, "recall": 0.9666666666666667, "precision": 0.8285714285714286, "F1": 0.8923076923076922, "FPR": 0.09}
{"tp": 87, "fp": 18, "tn": 182, "fn": 3, "accuracy": 0.9275862068965517, "recall": 0.9666666666666667, "precision": 0.8285714285714286, "F1": 0.8923076923076922, "FPR": 0.09}
{"tp": 87, "fp": 18, "tn": 182, "fn": 3, "accuracy": 0.9275862068965517, "recall": 0.9666666666666667, "precision": 0.8285714285714286, "F1": 0.8923076923076922, "FPR": 0.09}
{"tp": 87, "fp": 18, "tn": 182, "fn": 3, "accuracy": 0.9275862068965517, "recall": 0.9666666666666667, "precision": 0.8285714285714286, "F1": 0.8923076923076922, "FPR": 0.09}
{"tp": 87, "fp": 18, "tn": 182, "fn": 3, "accuracy": 0.9275862068965517, "recall": 0.9666666666666667, "precision": 0.8285714285714286, "F1": 0.8923076923076922, "FPR": 0.09}
{"tp": 87, "fp": 18, "tn": 182, "fn": 3, "accuracy": 0.9275862068965517, "recall": 0.9666666666666667, "precision": 0.8285714285714286, "F1": 0.8923076923076922, "FPR": 0.09}
