{"tp": 30, "fp": 10, "tn": 78, "fn": 12, "accuracy": 0.8307692307692308, "recall": 0.7142857142857143, "precision": 0.75, "F1": 0.7317073170731706, "FPR": 0.11363636363636363}
{"tp": 30, "fp": 13, "tn": 75, "fn": 12, "accuracy": 0.8076923076923077, "recall": 0.7142857142857143, "precision": 0.6976744186046512, "F1": 0.7058823529411765, "FPR": 0.14772727272727273}
{"tp": 32, "fp": 12, "tn": 76, "fn": 10, "accuracy": 0.8307692307692308, "recall": 0.7619047619047619, "precision": 0.7272727272727273, "F1": 0.7441860465116279, "FPR": 0.13636363636363635}
{"tp": 32, "fp": 11, "tn": 77, "fn": 10, "accuracy": 0.8384615384615385, "recall": 0.7619047619047619, "precision": 0.7441860465116279, "F1": 0.7529411764705882, "FPR": 0.125}
{"tp": 36, "fp": 16, "tn": 72, "fn": 6, "accuracy": 0.8307692307692308, "recall": 0.8571428571428571, "precision": 0.6923076923076923, "F1": 0.7659574468085107, "FPR": 0.18181818181818182}
{"tp": 30, "fp": 9, "tn": 79, "fn": 12, "accuracy": 0.8384615384615385, "recall": 0.7142857142857143, "precision": 0.7692307692307693, "F1": 0.7407407407407408, "FPR": 0.10227272727272728}
{"tp": 34, "fp": 10, "tn": 78, "fn": 8, "accuracy": 0.8615384615384616, "recall": 0.8095238095238095, "precision": 0.7727272727272727, "F1": 0.7906976744186046, "FPR": 0.11363636363636363}
{"tp": 26, "fp": 5, "tn": 81, "fn": 18, "accuracy": 0.823076923076923, "recall": 0.5909090909090909, "precision": 0.8387096774193549, "F1": 0.6933333333333334, "FPR": 0.05813953488372093}
{"tp": 30, "fp": 7, "tn": 79, "fn": 14, "accuracy": 0.8384615384615385, "recall": 0.6818181818181818, "precision": 0.8108108108108109, "F1": 0.7407407407407407, "FPR": 0.08139534883720931}
{"tp": 32, "fp": 6, "tn": 80, "fn": 12, "accuracy": 0.8615384615384616, "recall": 0.7272727272727273, "precision": 0.8421052631578947, "F1": 0.7804878048780488, "FPR": 0.06976744186046512}
{"tp": 32, "fp": 8, "tn": 78, "fn": 12, "accuracy": 0.8461538461538461, "recall": 0.7272727272727273, "precision": 0.8, "F1": 0.761904761904762, "FPR": 0.09302325581395349}
{"tp": 31, "fp": 5, "tn": 81, "fn": 13, "accuracy": 0.8615384615384616, "recall": 0.7045454545454546, "precision": 0.8611111111111112, "F1": 0.775, "FPR": 0.05813953488372093}
{"tp": 34, "fp": 11, "tn": 75, "fn": 10, "accuracy": 0.8384615384615385, "recall": 0.7727272727272727, "precision": 0.7555555555555555, "F1": 0.7640449438202247, "FPR": 0.12790697674418605}
