{"tp": 32, "fp": 11, "tn": 75, "fn": 12, "accuracy": 0.823076923076923, "recall": 0.7272727272727273, "precision": 0.7441860465116279, "F1": 0.735632183908046, "FPR": 0.12790697674418605}
{"tp": 34, "fp": 10, "tn": 76, "fn": 10, "accuracy": 0.8461538461538461, "recall": 0.7727272727272727, "precision": 0.7727272727272727, "F1": 0.7727272727272727, "FPR": 0.11627906976744186}
{"tp": 34, "fp": 12, "tn": 74, "fn": 10, "accuracy": 0.8307692307692308, "recall": 0.7727272727272727, "precision": 0.7391304347826086, "F1": 0.7555555555555555, "FPR": 0.13953488372093023}
{"tp": 31, "fp": 10, "tn": 76, "fn": 13, "accuracy": 0.823076923076923, "recall": 0.7045454545454546, "precision": 0.7560975609756098, "F1": 0.7294117647058823, "FPR": 0.11627906976744186}
{"tp": 33, "fp": 17, "tn": 69, "fn": 11, "accuracy": 0.7846153846153846, "recall": 0.75, "precision": 0.66, "F1": 0.702127659574468, "FPR": 0.19767441860465115}
{"tp": 30, "fp": 11, "tn": 75, "fn": 14, "accuracy": 0.8076923076923077, "recall": 0.6818181818181818, "precision": 0.7317073170731707, "F1": 0.7058823529411764, "FPR": 0.12790697674418605}
