{"tp": 27, "fp": 6, "tn": 80, "fn": 17, "accuracy": 0.823076923076923, "recall": 0.6136363636363636, "precision": 0.8181818181818182, "F1": 0.7012987012987013, "FPR": 0.06976744186046512}
{"tp": 29, "fp": 8, "tn": 78, "fn": 15, "accuracy": 0.823076923076923, "recall": 0.6590909090909091, "precision": 0.7837837837837838, "F1": 0.7160493827160493, "FPR": 0.09302325581395349}
{"tp": 30, "fp": 8, "tn": 78, "fn": 14, "accuracy": 0.8307692307692308, "recall": 0.6818181818181818, "precision": 0.7894736842105263, "F1": 0.7317073170731707, "FPR": 0.09302325581395349}
{"tp": 31, "fp": 6, "tn": 80, "fn": 13, "accuracy": 0.8538461538461538, "recall": 0.7045454545454546, "precision": 0.8378378378378378, "F1": 0.7654320987654323, "FPR": 0.06976744186046512}
{"tp": 31, "fp": 5, "tn": 81, "fn": 13, "accuracy": 0.8615384615384616, "recall": 0.7045454545454546, "precision": 0.8611111111111112, "F1": 0.775, "FPR": 0.05813953488372093}
{"tp": 33, "fp": 7, "tn": 79, "fn": 11, "accuracy": 0.8615384615384616, "recall": 0.75, "precision": 0.825, "F1": 0.7857142857142856, "FPR": 0.08139534883720931}
