{"tp": 26, "fp": 5, "tn": 81, "fn": 18, "accuracy": 0.823076923076923, "recall": 0.5909090909090909, "precision": 0.8387096774193549, "F1": 0.6933333333333334, "FPR": 0.05813953488372093}
{"tp": 30, "fp": 8, "tn": 78, "fn": 14, "accuracy": 0.8307692307692308, "recall": 0.6818181818181818, "precision": 0.7894736842105263, "F1": 0.7317073170731707, "FPR": 0.09302325581395349}
{"tp": 29, "fp": 5, "tn": 81, "fn": 15, "accuracy": 0.8461538461538461, "recall": 0.6590909090909091, "precision": 0.8529411764705882, "F1": 0.7435897435897436, "FPR": 0.05813953488372093}
{"tp": 32, "fp": 8, "tn": 78, "fn": 12, "accuracy": 0.8461538461538461, "recall": 0.7272727272727273, "precision": 0.8, "F1": 0.761904761904762, "FPR": 0.09302325581395349}
{"tp": 33, "fp": 5, "tn": 81, "fn": 11, "accuracy": 0.8769230769230769, "recall": 0.75, "precision": 0.868421052631579, "F1": 0.8048780487804879, "FPR": 0.05813953488372093}
{"tp": 31, "fp": 9, "tn": 77, "fn": 13, "accuracy": 0.8307692307692308, "recall": 0.7045454545454546, "precision": 0.775, "F1": 0.7380952380952381, "FPR": 0.10465116279069768}
