{"tp": 24, "fp": 8, "tn": 80, "fn": 18, "accuracy": 0.8, "recall": 0.5714285714285714, "precision": 0.75, "F1": 0.6486486486486486, "FPR": 0.09090909090909091}
{"tp": 21, "fp": 13, "tn": 75, "fn": 21, "accuracy": 0.7384615384615385, "recall": 0.5, "precision": 0.6176470588235294, "F1": 0.5526315789473685, "FPR": 0.14772727272727273}
{"tp": 27, "fp": 11, "tn": 77, "fn": 15, "accuracy": 0.8, "recall": 0.6428571428571429, "precision": 0.7105263157894737, "F1": 0.6749999999999999, "FPR": 0.125}
{"tp": 23, "fp": 12, "tn": 76, "fn": 19, "accuracy": 0.7615384615384615, "recall": 0.5476190476190477, "precision": 0.6571428571428571, "F1": 0.5974025974025974, "FPR": 0.13636363636363635}
{"tp": 22, "fp": 9, "tn": 79, "fn": 20, "accuracy": 0.7769230769230769, "recall": 0.5238095238095238, "precision": 0.7096774193548387, "F1": 0.6027397260273972, "FPR": 0.10227272727272728}
{"tp": 21, "fp": 10, "tn": 78, "fn": 21, "accuracy": 0.7615384615384615, "recall": 0.5, "precision": 0.6774193548387096, "F1": 0.5753424657534247, "FPR": 0.11363636363636363}
{"tp": 28, "fp": 13, "tn": 75, "fn": 14, "accuracy": 0.7923076923076923, "recall": 0.6666666666666666, "precision": 0.6829268292682927, "F1": 0.674698795180723, "FPR": 0.14772727272727273}
{"tp": 26, "fp": 12, "tn": 76, "fn": 16, "accuracy": 0.7846153846153846, "recall": 0.6190476190476191, "precision": 0.6842105263157895, "F1": 0.6500000000000001, "FPR": 0.13636363636363635}
{"tp": 60, "fp": 26, "tn": 150, "fn": 24, "accuracy": 0.8076923076923077, "recall": 0.7142857142857143, "precision": 0.6976744186046512, "F1": 0.7058823529411765, "FPR": 0.14772727272727273}
{"tp": 26, "fp": 12, "tn": 74, "fn": 18, "accuracy": 0.7692307692307693, "recall": 0.5909090909090909, "precision": 0.6842105263157895, "F1": 0.6341463414634148, "FPR": 0.13953488372093023}
{"tp": 26, "fp": 11, "tn": 75, "fn": 18, "accuracy": 0.7769230769230769, "recall": 0.5909090909090909, "precision": 0.7027027027027027, "F1": 0.6419753086419754, "FPR": 0.12790697674418605}
{"tp": 26, "fp": 11, "tn": 75, "fn": 18, "accuracy": 0.7769230769230769, "recall": 0.5909090909090909, "precision": 0.7027027027027027, "F1": 0.6419753086419754, "FPR": 0.12790697674418605}
{"tp": 26, "fp": 11, "tn": 75, "fn": 18, "accuracy": 0.7769230769230769, "recall": 0.5909090909090909, "precision": 0.7027027027027027, "F1": 0.6419753086419754, "FPR": 0.12790697674418605}
{"tp": 25, "fp": 15, "tn": 71, "fn": 19, "accuracy": 0.7384615384615385, "recall": 0.5681818181818182, "precision": 0.625, "F1": 0.5952380952380952, "FPR": 0.1744186046511628}
{"tp": 24, "fp": 16, "tn": 70, "fn": 20, "accuracy": 0.7230769230769231, "recall": 0.5454545454545454, "precision": 0.6, "F1": 0.5714285714285713, "FPR": 0.18604651162790697}
