{"tp": 34, "fp": 15, "tn": 73, "fn": 8, "accuracy": 0.823076923076923, "recall": 0.8095238095238095, "precision": 0.6938775510204082, "F1": 0.7472527472527472, "FPR": 0.17045454545454544}
{"tp": 28, "fp": 17, "tn": 71, "fn": 14, "accuracy": 0.7615384615384615, "recall": 0.6666666666666666, "precision": 0.6222222222222222, "F1": 0.6436781609195403, "FPR": 0.19318181818181818}
{"tp": 28, "fp": 13, "tn": 75, "fn": 14, "accuracy": 0.7923076923076923, "recall": 0.6666666666666666, "precision": 0.6829268292682927, "F1": 0.674698795180723, "FPR": 0.14772727272727273}
{"tp": 34, "fp": 16, "tn": 72, "fn": 8, "accuracy": 0.8153846153846154, "recall": 0.8095238095238095, "precision": 0.68, "F1": 0.7391304347826089, "FPR": 0.18181818181818182}
{"tp": 34, "fp": 20, "tn": 68, "fn": 8, "accuracy": 0.7846153846153846, "recall": 0.8095238095238095, "precision": 0.6296296296296297, "F1": 0.7083333333333334, "FPR": 0.22727272727272727}
{"tp": 29, "fp": 19, "tn": 69, "fn": 13, "accuracy": 0.7538461538461538, "recall": 0.6904761904761905, "precision": 0.6041666666666666, "F1": 0.6444444444444444, "FPR": 0.2159090909090909}
{"tp": 36, "fp": 17, "tn": 71, "fn": 6, "accuracy": 0.823076923076923, "recall": 0.8571428571428571, "precision": 0.6792452830188679, "F1": 0.7578947368421052, "FPR": 0.19318181818181818}
{"tp": 29, "fp": 12, "tn": 76, "fn": 13, "accuracy": 0.8076923076923077, "recall": 0.6904761904761905, "precision": 0.7073170731707317, "F1": 0.6987951807228916, "FPR": 0.13636363636363635}
{"tp": 29, "fp": 9, "tn": 77, "fn": 15, "accuracy": 0.8153846153846154, "recall": 0.6590909090909091, "precision": 0.7631578947368421, "F1": 0.7073170731707317, "FPR": 0.10465116279069768}
{"tp": 29, "fp": 10, "tn": 76, "fn": 15, "accuracy": 0.8076923076923077, "recall": 0.6590909090909091, "precision": 0.7435897435897436, "F1": 0.6987951807228915, "FPR": 0.11627906976744186}
{"tp": 31, "fp": 7, "tn": 79, "fn": 13, "accuracy": 0.8461538461538461, "recall": 0.7045454545454546, "precision": 0.8157894736842105, "F1": 0.7560975609756098, "FPR": 0.08139534883720931}
{"tp": 33, "fp": 8, "tn": 78, "fn": 11, "accuracy": 0.8538461538461538, "recall": 0.75, "precision": 0.8048780487804879, "F1": 0.7764705882352942, "FPR": 0.09302325581395349}
{"tp": 35, "fp": 7, "tn": 79, "fn": 9, "accuracy": 0.8769230769230769, "recall": 0.7954545454545454, "precision": 0.8333333333333334, "F1": 0.8139534883720929, "FPR": 0.08139534883720931}
{"tp": 35, "fp": 10, "tn": 76, "fn": 9, "accuracy": 0.8538461538461538, "recall": 0.7954545454545454, "precision": 0.7777777777777778, "F1": 0.7865168539325843, "FPR": 0.11627906976744186}
