{"tp": 41, "fp": 12, "tn": 76, "fn": 1, "accuracy": 0.9, "recall": 0.9761904761904762, "precision": 0.7735849056603774, "F1": 0.863157894736842, "FPR": 0.13636363636363635}
{"tp": 41, "fp": 12, "tn": 76, "fn": 1, "accuracy": 0.9, "recall": 0.9761904761904762, "precision": 0.7735849056603774, "F1": 0.863157894736842, "FPR": 0.13636363636363635}
{"tp": 41, "fp": 12, "tn": 76, "fn": 1, "accuracy": 0.9, "recall": 0.9761904761904762, "precision": 0.7735849056603774, "F1": 0.863157894736842, "FPR": 0.13636363636363635}
{"tp": 41, "fp": 12, "tn": 76, "fn": 1, "accuracy": 0.9, "recall": 0.9761904761904762, "precision": 0.7735849056603774, "F1": 0.863157894736842, "FPR": 0.13636363636363635}
{"tp": 41, "fp": 12, "tn": 76, "fn": 1, "accuracy": 0.9, "recall": 0.9761904761904762, "precision": 0.7735849056603774, "F1": 0.863157894736842, "FPR": 0.13636363636363635}
{"tp": 41, "fp": 12, "tn": 76, "fn": 1, "accuracy": 0.9, "recall": 0.9761904761904762, "precision": 0.7735849056603774, "F1": 0.863157894736842, "FPR": 0.13636363636363635}
{"tp": 41, "fp": 12, "tn": 76, "fn": 1, "accuracy": 0.9, "recall": 0.9761904761904762, "precision": 0.7735849056603774, "F1": 0.863157894736842, "FPR": 0.13636363636363635}
{"tp": 41, "fp": 12, "tn": 76, "fn": 1, "accuracy": 0.9, "recall": 0.9761904761904762, "precision": 0.7735849056603774, "F1": 0.863157894736842, "FPR": 0.13636363636363635}
{"tp": 42, "fp": 11, "tn": 75, "fn": 2, "accuracy": 0.9, "recall": 0.9545454545454546, "precision": 0.7924528301886793, "F1": 0.865979381443299, "FPR": 0.12790697674418605}
{"tp": 42, "fp": 11, "tn": 75, "fn": 2, "accuracy": 0.9, "recall": 0.9545454545454546, "precision": 0.7924528301886793, "F1": 0.865979381443299, "FPR": 0.12790697674418605}
{"tp": 42, "fp": 11, "tn": 75, "fn": 2, "accuracy": 0.9, "recall": 0.9545454545454546, "precision": 0.7924528301886793, "F1": 0.865979381443299, "FPR": 0.12790697674418605}
{"tp": 42, "fp": 11, "tn": 75, "fn": 2, "accuracy": 0.9, "recall": 0.9545454545454546, "precision": 0.7924528301886793, "F1": 0.865979381443299, "FPR": 0.12790697674418605}
{"tp": 42, "fp": 11, "tn": 75, "fn": 2, "accuracy": 0.9, "recall": 0.9545454545454546, "precision": 0.7924528301886793, "F1": 0.865979381443299, "FPR": 0.12790697674418605}
{"tp": 42, "fp": 11, "tn": 75, "fn": 2, "accuracy": 0.9, "recall": 0.9545454545454546, "precision": 0.7924528301886793, "F1": 0.865979381443299, "FPR": 0.12790697674418605}
