{"tp": 57, "fp": 17, "tn": 137, "fn": 15, "accuracy": 0.8584070796460177, "recall": 0.7916666666666666, "precision": 0.7702702702702703, "F1": 0.7808219178082192, "FPR": 0.11038961038961038}
{"tp": 57, "fp": 14, "tn": 140, "fn": 15, "accuracy": 0.8716814159292036, "recall": 0.7916666666666666, "precision": 0.8028169014084507, "F1": 0.7972027972027971, "FPR": 0.09090909090909091}
{"tp": 61, "fp": 15, "tn": 139, "fn": 11, "accuracy": 0.8849557522123894, "recall": 0.8472222222222222, "precision": 0.8026315789473685, "F1": 0.8243243243243243, "FPR": 0.09740259740259741}
{"tp": 60, "fp": 16, "tn": 138, "fn": 12, "accuracy": 0.8761061946902655, "recall": 0.8333333333333334, "precision": 0.7894736842105263, "F1": 0.8108108108108109, "FPR": 0.1038961038961039}
{"tp": 62, "fp": 28, "tn": 126, "fn": 10, "accuracy": 0.831858407079646, "recall": 0.8611111111111112, "precision": 0.6888888888888889, "F1": 0.7654320987654321, "FPR": 0.18181818181818182}
{"tp": 62, "fp": 22, "tn": 132, "fn": 10, "accuracy": 0.8584070796460177, "recall": 0.8611111111111112, "precision": 0.7380952380952381, "F1": 0.7948717948717949, "FPR": 0.14285714285714285}
{"tp": 58, "fp": 10, "tn": 142, "fn": 16, "accuracy": 0.8849557522123894, "recall": 0.7837837837837838, "precision": 0.8529411764705882, "F1": 0.8169014084507041, "FPR": 0.06578947368421052}
{"tp": 59, "fp": 15, "tn": 137, "fn": 15, "accuracy": 0.8672566371681416, "recall": 0.7972972972972973, "precision": 0.7972972972972973, "F1": 0.7972972972972974, "FPR": 0.09868421052631579}
{"tp": 66, "fp": 32, "tn": 120, "fn": 8, "accuracy": 0.8230088495575221, "recall": 0.8918918918918919, "precision": 0.673469387755102, "F1": 0.7674418604651163, "FPR": 0.21052631578947367}
{"tp": 61, "fp": 16, "tn": 136, "fn": 13, "accuracy": 0.8716814159292036, "recall": 0.8243243243243243, "precision": 0.7922077922077922, "F1": 0.8079470198675496, "FPR": 0.10526315789473684}
