{"tp": 58, "fp": 24, "tn": 130, "fn": 14, "accuracy": 0.831858407079646, "recall": 0.8055555555555556, "precision": 0.7073170731707317, "F1": 0.7532467532467532, "FPR": 0.15584415584415584}
{"tp": 58, "fp": 21, "tn": 133, "fn": 14, "accuracy": 0.8451327433628318, "recall": 0.8055555555555556, "precision": 0.7341772151898734, "F1": 0.7682119205298013, "FPR": 0.13636363636363635}
{"tp": 54, "fp": 18, "tn": 136, "fn": 18, "accuracy": 0.8407079646017699, "recall": 0.75, "precision": 0.75, "F1": 0.75, "FPR": 0.11688311688311688}
{"tp": 55, "fp": 20, "tn": 134, "fn": 17, "accuracy": 0.8362831858407079, "recall": 0.7638888888888888, "precision": 0.7333333333333333, "F1": 0.7482993197278911, "FPR": 0.12987012987012986}
{"tp": 65, "fp": 30, "tn": 124, "fn": 7, "accuracy": 0.8362831858407079, "recall": 0.9027777777777778, "precision": 0.6842105263157895, "F1": 0.7784431137724551, "FPR": 0.19480519480519481}
{"tp": 60, "fp": 28, "tn": 126, "fn": 12, "accuracy": 0.8230088495575221, "recall": 0.8333333333333334, "precision": 0.6818181818181818, "F1": 0.7499999999999999, "FPR": 0.18181818181818182}
{"tp": 60, "fp": 18, "tn": 134, "fn": 14, "accuracy": 0.8584070796460177, "recall": 0.8108108108108109, "precision": 0.7692307692307693, "F1": 0.7894736842105263, "FPR": 0.11842105263157894}
{"tp": 58, "fp": 17, "tn": 135, "fn": 16, "accuracy": 0.8539823008849557, "recall": 0.7837837837837838, "precision": 0.7733333333333333, "F1": 0.7785234899328859, "FPR": 0.1118421052631579}
{"tp": 64, "fp": 33, "tn": 119, "fn": 10, "accuracy": 0.8097345132743363, "recall": 0.8648648648648649, "precision": 0.6597938144329897, "F1": 0.7485380116959065, "FPR": 0.21710526315789475}
{"tp": 61, "fp": 16, "tn": 136, "fn": 13, "accuracy": 0.8716814159292036, "recall": 0.8243243243243243, "precision": 0.7922077922077922, "F1": 0.8079470198675496, "FPR": 0.10526315789473684}
