{"tp": 57, "fp": 15, "tn": 139, "fn": 15, "accuracy": 0.8672566371681416, "recall": 0.7916666666666666, "precision": 0.7916666666666666, "F1": 0.7916666666666666, "FPR": 0.09740259740259741}
{"tp": 53, "fp": 4, "tn": 150, "fn": 19, "accuracy": 0.8982300884955752, "recall": 0.7361111111111112, "precision": 0.9298245614035088, "F1": 0.8217054263565892, "FPR": 0.025974025974025976}
{"tp": 57, "fp": 13, "tn": 141, "fn": 15, "accuracy": 0.8761061946902655, "recall": 0.7916666666666666, "precision": 0.8142857142857143, "F1": 0.8028169014084506, "FPR": 0.08441558441558442}
{"tp": 57, "fp": 19, "tn": 135, "fn": 15, "accuracy": 0.8495575221238938, "recall": 0.7916666666666666, "precision": 0.75, "F1": 0.7702702702702704, "FPR": 0.12337662337662338}
{"tp": 53, "fp": 4, "tn": 150, "fn": 19, "accuracy": 0.8982300884955752, "recall": 0.7361111111111112, "precision": 0.9298245614035088, "F1": 0.8217054263565892, "FPR": 0.025974025974025976}
{"tp": 60, "fp": 32, "tn": 120, "fn": 14, "accuracy": 0.7964601769911505, "recall": 0.8108108108108109, "precision": 0.6521739130434783, "F1": 0.7228915662650603, "FPR": 0.21052631578947367}
{"tp": 58, "fp": 24, "tn": 128, "fn": 16, "accuracy": 0.8230088495575221, "recall": 0.7837837837837838, "precision": 0.7073170731707317, "F1": 0.7435897435897435, "FPR": 0.15789473684210525}
