{"tp": 55, "fp": 15, "tn": 139, "fn": 17, "accuracy": 0.8584070796460177, "recall": 0.7638888888888888, "precision": 0.7857142857142857, "F1": 0.7746478873239437, "FPR": 0.09740259740259741}
{"tp": 57, "fp": 14, "tn": 140, "fn": 15, "accuracy": 0.8716814159292036, "recall": 0.7916666666666666, "precision": 0.8028169014084507, "F1": 0.7972027972027971, "FPR": 0.09090909090909091}
{"tp": 53, "fp": 11, "tn": 143, "fn": 19, "accuracy": 0.8672566371681416, "recall": 0.7361111111111112, "precision": 0.828125, "F1": 0.7794117647058824, "FPR": 0.07142857142857142}
{"tp": 57, "fp": 13, "tn": 141, "fn": 15, "accuracy": 0.8761061946902655, "recall": 0.7916666666666666, "precision": 0.8142857142857143, "F1": 0.8028169014084506, "FPR": 0.08441558441558442}
{"tp": 64, "fp": 18, "tn": 136, "fn": 8, "accuracy": 0.8849557522123894, "recall": 0.8888888888888888, "precision": 0.7804878048780488, "F1": 0.8311688311688312, "FPR": 0.11688311688311688}
{"tp": 61, "fp": 14, "tn": 140, "fn": 11, "accuracy": 0.8893805309734514, "recall": 0.8472222222222222, "precision": 0.8133333333333334, "F1": 0.8299319727891157, "FPR": 0.09090909090909091}
{"tp": 59, "fp": 10, "tn": 142, "fn": 15, "accuracy": 0.8893805309734514, "recall": 0.7972972972972973, "precision": 0.855072463768116, "F1": 0.8251748251748252, "FPR": 0.06578947368421052}
{"tp": 57, "fp": 14, "tn": 138, "fn": 17, "accuracy": 0.8628318584070797, "recall": 0.7702702702702703, "precision": 0.8028169014084507, "F1": 0.7862068965517242, "FPR": 0.09210526315789473}
{"tp": 57, "fp": 11, "tn": 141, "fn": 17, "accuracy": 0.8761061946902655, "recall": 0.7702702702702703, "precision": 0.8382352941176471, "F1": 0.8028169014084507, "FPR": 0.07236842105263158}
{"tp": 62, "fp": 14, "tn": 138, "fn": 12, "accuracy": 0.8849557522123894, "recall": 0.8378378378378378, "precision": 0.8157894736842105, "F1": 0.8266666666666665, "FPR": 0.09210526315789473}
