{"tp": 49, "fp": 29, "tn": 125, "fn": 23, "accuracy": 0.7699115044247787, "recall": 0.6805555555555556, "precision": 0.6282051282051282, "F1": 0.6533333333333333, "FPR": 0.18831168831168832}
{"tp": 41, "fp": 29, "tn": 125, "fn": 31, "accuracy": 0.7345132743362832, "recall": 0.5694444444444444, "precision": 0.5857142857142857, "F1": 0.5774647887323944, "FPR": 0.18831168831168832}
{"tp": 52, "fp": 36, "tn": 118, "fn": 20, "accuracy": 0.7522123893805309, "recall": 0.7222222222222222, "precision": 0.5909090909090909, "F1": 0.65, "FPR": 0.23376623376623376}
{"tp": 53, "fp": 35, "tn": 119, "fn": 19, "accuracy": 0.7610619469026548, "recall": 0.7361111111111112, "precision": 0.6022727272727273, "F1": 0.6625000000000001, "FPR": 0.22727272727272727}
{"tp": 52, "fp": 37, "tn": 117, "fn": 20, "accuracy": 0.7477876106194691, "recall": 0.7222222222222222, "precision": 0.5842696629213483, "F1": 0.6459627329192547, "FPR": 0.24025974025974026}
{"tp": 52, "fp": 46, "tn": 108, "fn": 20, "accuracy": 0.7079646017699115, "recall": 0.7222222222222222, "precision": 0.5306122448979592, "F1": 0.611764705882353, "FPR": 0.2987012987012987}
{"tp": 42, "fp": 29, "tn": 123, "fn": 32, "accuracy": 0.7300884955752213, "recall": 0.5675675675675675, "precision": 0.5915492957746479, "F1": 0.5793103448275861, "FPR": 0.19078947368421054}
{"tp": 52, "fp": 38, "tn": 114, "fn": 22, "accuracy": 0.7345132743362832, "recall": 0.7027027027027027, "precision": 0.5777777777777777, "F1": 0.6341463414634145, "FPR": 0.25}
{"tp": 59, "fp": 46, "tn": 106, "fn": 15, "accuracy": 0.7300884955752213, "recall": 0.7972972972972973, "precision": 0.5619047619047619, "F1": 0.659217877094972, "FPR": 0.3026315789473684}
{"tp": 54, "fp": 45, "tn": 107, "fn": 20, "accuracy": 0.7123893805309734, "recall": 0.7297297297297297, "precision": 0.5454545454545454, "F1": 0.6242774566473988, "FPR": 0.29605263157894735}
