{"tp": 55, "fp": 16, "tn": 138, "fn": 17, "accuracy": 0.8539823008849557, "recall": 0.7638888888888888, "precision": 0.7746478873239436, "F1": 0.7692307692307692, "FPR": 0.1038961038961039}
{"tp": 59, "fp": 22, "tn": 132, "fn": 13, "accuracy": 0.8451327433628318, "recall": 0.8194444444444444, "precision": 0.7283950617283951, "F1": 0.7712418300653595, "FPR": 0.14285714285714285}
{"tp": 53, "fp": 18, "tn": 136, "fn": 19, "accuracy": 0.8362831858407079, "recall": 0.7361111111111112, "precision": 0.7464788732394366, "F1": 0.7412587412587414, "FPR": 0.11688311688311688}
{"tp": 57, "fp": 18, "tn": 136, "fn": 15, "accuracy": 0.8539823008849557, "recall": 0.7916666666666666, "precision": 0.76, "F1": 0.7755102040816326, "FPR": 0.11688311688311688}
{"tp": 64, "fp": 26, "tn": 128, "fn": 8, "accuracy": 0.8495575221238938, "recall": 0.8888888888888888, "precision": 0.7111111111111111, "F1": 0.7901234567901234, "FPR": 0.16883116883116883}
{"tp": 61, "fp": 23, "tn": 131, "fn": 11, "accuracy": 0.8495575221238938, "recall": 0.8472222222222222, "precision": 0.7261904761904762, "F1": 0.782051282051282, "FPR": 0.14935064935064934}
{"tp": 59, "fp": 11, "tn": 141, "fn": 15, "accuracy": 0.8849557522123894, "recall": 0.7972972972972973, "precision": 0.8428571428571429, "F1": 0.8194444444444444, "FPR": 0.07236842105263158}
{"tp": 60, "fp": 20, "tn": 132, "fn": 14, "accuracy": 0.8495575221238938, "recall": 0.8108108108108109, "precision": 0.75, "F1": 0.7792207792207791, "FPR": 0.13157894736842105}
{"tp": 60, "fp": 16, "tn": 136, "fn": 14, "accuracy": 0.8672566371681416, "recall": 0.8108108108108109, "precision": 0.7894736842105263, "F1": 0.8, "FPR": 0.10526315789473684}
{"tp": 62, "fp": 15, "tn": 137, "fn": 12, "accuracy": 0.8805309734513275, "recall": 0.8378378378378378, "precision": 0.8051948051948052, "F1": 0.8211920529801325, "FPR": 0.09868421052631579}
