{"tp": 69, "fp": 14, "tn": 140, "fn": 3, "accuracy": 0.9247787610619469, "recall": 0.9583333333333334, "precision": 0.8313253012048193, "F1": 0.8903225806451613, "FPR": 0.09090909090909091}
{"tp": 69, "fp": 14, "tn": 140, "fn": 3, "accuracy": 0.9247787610619469, "recall": 0.9583333333333334, "precision": 0.8313253012048193, "F1": 0.8903225806451613, "FPR": 0.09090909090909091}
{"tp": 69, "fp": 14, "tn": 140, "fn": 3, "accuracy": 0.9247787610619469, "recall": 0.9583333333333334, "precision": 0.8313253012048193, "F1": 0.8903225806451613, "FPR": 0.09090909090909091}
{"tp": 69, "fp": 14, "tn": 140, "fn": 3, "accuracy": 0.9247787610619469, "recall": 0.9583333333333334, "precision": 0.8313253012048193, "F1": 0.8903225806451613, "FPR": 0.09090909090909091}
{"tp": 69, "fp": 14, "tn": 140, "fn": 3, "accuracy": 0.9247787610619469, "recall": 0.9583333333333334, "precision": 0.8313253012048193, "F1": 0.8903225806451613, "FPR": 0.09090909090909091}
{"tp": 69, "fp": 14, "tn": 140, "fn": 3, "accuracy": 0.9247787610619469, "recall": 0.9583333333333334, "precision": 0.8313253012048193, "F1": 0.8903225806451613, "FPR": 0.09090909090909091}
